Time (s),Rotation [X axis] (degrees/s),Rotation [Y axis] (degrees/s),Rotation [Z axis] (degrees/s),Acceleration [X axis] (g-force),Acceleration [Y axis] (g-force),Acceleration [Z axis] (g-force),Magnetic Flux Density [X axis] (Gs),Magnetic Flux Density [Y axis] (Gs),Magnetic Flux Density [Z axis] (Gs),Temperature (Celcius),Temperature (Celcius),Temperature (Celcius),Temperature (Celcius),Temperature (Celcius),Temperature (Celcius),Temperature (Celcius),Temperature (Celcius),Temperature (Celcius),Temperature (Celcius),Temperature (Celcius),Temperature (Celcius),
0,0,0,0,0,0,0,7,5,3,0,1,2,3,4,5,6,7,8,9,10,11,
0.4,0,0,0,0,0,0,7,5,3,0,1,2,3,4,5,6,7,8,9,10,11,
0.8,1,2,3,1,2,3,7,5,3,0,1,2,3,4,5,6,7,8,9,10,11,
1.2,1,2,3,1,2,3,7,5,3,0,1,2,3,4,5,6,7,8,9,10,11,
1.6,2,4,6,4,8,12,7,5,3,0,1,2,3,4,5,6,7,8,9,10,11,
2,2,4,6,4,8,12,7,5,3,0,1,2,3,4,5,6,7,8,9,10,11,
2.4,2,4,6,4,8,12,7,5,3,0,1,2,3,4,5,6,7,8,9,10,11,
2.8,3,6,9,9,18,27,7,5,3,0,1,2,3,4,5,6,7,8,9,10,11,
3.2,3,6,9,9,18,27,7,5,3,0,1,2,3,4,5,6,7,8,9,10,11,
3.6,4,8,12,16,32,48,7,5,3,0,1,2,3,4,5,6,7,8,9,10,11,
4,4,8,12,16,32,48,7,5,3,0,1,2,3,4,5,6,7,8,9,10,11,
4.4,4,8,12,16,32,48,7,5,3,0,1,2,3,4,5,6,7,8,9,10,11,
4.8,5,10,15,25,50,75,7,5,3,0,1,2,3,4,5,6,7,8,9,10,11,
5.2,5,10,15,25,50,75,7,5,3,0,1,2,3,4,5,6,7,8,9,10,11,
5.6,6,12,18,36,72,108,7,5,3,0,1,2,3,4,5,6,7,8,9,10,11,
6,6,12,18,36,72,108,7,5,3,0,1,2,3,4,5,6,7,8,9,10,11,
6.4,6,12,18,36,72,108,7,5,3,0,1,2,3,4,5,6,7,8,9,10,11,
6.8,7,14,21,49,98,147,7,5,3,0,1,2,3,4,5,6,7,8,9,10,11,
7.2,7,14,21,49,98,147,7,5,3,0,1,2,3,4,5,6,7,8,9,10,11,
7.6,8,16,24,64,128,192,7,5,3,0,1,2,3,4,5,6,7,8,9,10,11,
8,8,16,24,64,128,192,7,5,3,0,1,2,3,4,5,6,7,8,9,10,11,
8.4,8,16,24,64,128,192,7,5,3,0,1,2,3,4,5,6,7,8,9,10,11,
8.8,9,18,27,81,162,243,7,5,3,0,1,2,3,4,5,6,7,8,9,10,11,
9.2,9,18,27,81,162,243,7,5,3,0,1,2,3,4,5,6,7,8,9,10,11,
9.6,10,20,30,100,200,300,7,5,3,0,1,2,3,4,5,6,7,8,9,10,11,
10,10,20,30,100,200,300,7,5,3,0,1,2,3,4,5,6,7,8,9,10,11,
10.4,10,20,30,100,200,300,7,5,3,0,1,2,3,4,5,6,7,8,9,10,11,
10.8,11,22,33,121,242,363,7,5,3,0,1,2,3,4,5,6,7,8,9,10,11,
11.2,11,22,33,121,242,363,7,5,3,0,1,2,3,4,5,6,7,8,9,10,11,
11.6,12,24,36,144,288,432,7,5,3,0,1,2,3,4,5,6,7,8,9,10,11,
12,12,24,36,144,288,432,7,5,3,0,1,2,3,4,5,6,7,8,9,10,11,
12.4,12,24,36,144,288,432,7,5,3,0,1,2,3,4,5,6,7,8,9,10,11,
12.8,13,26,39,169,338,507,7,5,3,0,1,2,3,4,5,6,7,8,9,10,11,
13.2,13,26,39,169,338,507,7,5,3,0,1,2,3,4,5,6,7,8,9,10,11,
13.6,14,28,42,196,392,588,7,5,3,0,1,2,3,4,5,6,7,8,9,10,11,
14,14,28,42,196,392,588,7,5,3,0,1,2,3,4,5,6,7,8,9,10,11,
14.4,14,28,42,196,392,588,7,5,3,0,1,2,3,4,5,6,7,8,9,10,11,
14.8,15,30,45,225,450,675,7,5,3,0,1,2,3,4,5,6,7,8,9,10,11,
15.2,15,30,45,225,450,675,7,5,3,0,1,2,3,4,5,6,7,8,9,10,11,
15.6,16,32,48,256,512,768,7,5,3,0,1,2,3,4,5,6,7,8,9,10,11,
16,16,32,48,256,512,768,7,5,3,0,1,2,3,4,5,6,7,8,9,10,11,
16.4,16,32,48,256,512,768,7,5,3,0,1,2,3,4,5,6,7,8,9,10,11,
16.8,17,34,51,289,578,867,7,5,3,0,1,2,3,4,5,6,7,8,9,10,11,
17.2,17,34,51,289,578,867,7,5,3,0,1,2,3,4,5,6,7,8,9,10,11,
17.6,18,36,54,324,648,972,7,5,3,0,1,2,3,4,5,6,7,8,9,10,11,
18,18,36,54,324,648,972,7,5,3,0,1,2,3,4,5,6,7,8,9,10,11,
18.4,18,36,54,324,648,972,7,5,3,1,2,3,4,5,6,7,8,9,10,11,12,
18.8,19,38,57,361,722,1083,7,5,3,1,2,3,4,5,6,7,8,9,10,11,12,
19.2,19,38,57,361,722,1083,7,5,3,1,2,3,4,5,6,7,8,9,10,11,12,
19.6,20,40,60,400,800,1200,7,5,3,1,2,3,4,5,6,7,8,9,10,11,12,
20,20,40,60,400,800,1200,7,5,3,1,2,3,4,5,6,7,8,9,10,11,12,
20.4,20,40,60,400,800,1200,7,5,3,1,2,3,4,5,6,7,8,9,10,11,12,
20.8,21,42,63,441,882,1323,7,5,3,1,2,3,4,5,6,7,8,9,10,11,12,
21.2,21,42,63,441,882,1323,7,5,3,1,2,3,4,5,6,7,8,9,10,11,12,
21.6,22,44,66,484,968,1452,7,5,3,1,2,3,4,5,6,7,8,9,10,11,12,
22,22,44,66,484,968,1452,7,5,3,1,2,3,4,5,6,7,8,9,10,11,12,
22.4,22,44,66,484,968,1452,7,5,3,1,2,3,4,5,6,7,8,9,10,11,12,
22.8,23,46,69,529,1058,1587,7,5,3,1,2,3,4,5,6,7,8,9,10,11,12,
23.2,23,46,69,529,1058,1587,7,5,3,1,2,3,4,5,6,7,8,9,10,11,12,
23.6,24,48,72,576,1152,1728,7,5,3,1,2,3,4,5,6,7,8,9,10,11,12,
24,24,48,72,576,1152,1728,7,5,3,1,2,3,4,5,6,7,8,9,10,11,12,
24.4,24,48,72,576,1152,1728,7,5,3,1,2,3,4,5,6,7,8,9,10,11,12,
24.8,25,50,75,625,1250,1875,7,5,3,1,2,3,4,5,6,7,8,9,10,11,12,
25.2,25,50,75,625,1250,1875,7,5,3,1,2,3,4,5,6,7,8,9,10,11,12,
25.6,26,52,78,676,1352,2028,7,5,3,1,2,3,4,5,6,7,8,9,10,11,12,
26,26,52,78,676,1352,2028,7,5,3,1,2,3,4,5,6,7,8,9,10,11,12,
26.4,26,52,78,676,1352,2028,7,5,3,1,2,3,4,5,6,7,8,9,10,11,12,
26.8,27,54,81,729,1458,2187,7,5,3,1,2,3,4,5,6,7,8,9,10,11,12,
27.2,27,54,81,729,1458,2187,7,5,3,1,2,3,4,5,6,7,8,9,10,11,12,
27.6,28,56,84,784,1568,2352,7,5,3,1,2,3,4,5,6,7,8,9,10,11,12,
28,28,56,84,784,1568,2352,7,5,3,1,2,3,4,5,6,7,8,9,10,11,12,
28.4,28,56,84,784,1568,2352,7,5,3,1,2,3,4,5,6,7,8,9,10,11,12,
28.8,29,58,87,841,1682,2523,7,5,3,1,2,3,4,5,6,7,8,9,10,11,12,
29.2,29,58,87,841,1682,2523,7,5,3,1,2,3,4,5,6,7,8,9,10,11,12,
29.6,30,60,90,900,1800,2700,7,5,3,1,2,3,4,5,6,7,8,9,10,11,12,
30,30,60,90,900,1800,2700,7,5,3,1,2,3,4,5,6,7,8,9,10,11,12,
30.4,30,60,90,900,1800,2700,7,5,3,1,2,3,4,5,6,7,8,9,10,11,12,
30.8,31,62,93,961,1922,2883,7,5,3,1,2,3,4,5,6,7,8,9,10,11,12,
31.2,31,62,93,961,1922,2883,7,5,3,1,2,3,4,5,6,7,8,9,10,11,12,
31.6,32,64,96,1024,2048,3072,7,5,3,1,2,3,4,5,6,7,8,9,10,11,12,
32,32,64,96,1024,2048,3072,7,5,3,1,2,3,4,5,6,7,8,9,10,11,12,
32.4,32,64,96,1024,2048,3072,7,5,3,1,2,3,4,5,6,7,8,9,10,11,12,
32.8,33,66,99,1089,2178,3267,7,5,3,1,2,3,4,5,6,7,8,9,10,11,12,
33.2,33,66,99,1089,2178,3267,7,5,3,1,2,3,4,5,6,7,8,9,10,11,12,
33.6,34,68,102,1156,2312,3468,7,5,3,1,2,3,4,5,6,7,8,9,10,11,12,
34,34,68,102,1156,2312,3468,7,5,3,1,2,3,4,5,6,7,8,9,10,11,12,
34.4,34,68,102,1156,2312,3468,7,5,3,1,2,3,4,5,6,7,8,9,10,11,12,
34.8,35,70,105,1225,2450,3675,7,5,3,1,2,3,4,5,6,7,8,9,10,11,12,
35.2,35,70,105,1225,2450,3675,7,5,3,1,2,3,4,5,6,7,8,9,10,11,12,
35.6,36,72,108,1296,2592,3888,7,5,3,1,2,3,4,5,6,7,8,9,10,11,12,
36,36,72,108,1296,2592,3888,7,5,3,1,2,3,4,5,6,7,8,9,10,11,12,
36.4,36,72,108,1296,2592,3888,7,5,3,1,2,3,4,5,6,7,8,9,10,11,12,
36.8,37,74,111,1369,2738,4107,7,5,3,2,3,4,5,6,7,8,9,10,11,12,13,
37.2,37,74,111,1369,2738,4107,7,5,3,2,3,4,5,6,7,8,9,10,11,12,13,
37.6,38,76,114,1444,2888,4332,7,5,3,2,3,4,5,6,7,8,9,10,11,12,13,
38,38,76,114,1444,2888,4332,7,5,3,2,3,4,5,6,7,8,9,10,11,12,13,
38.4,38,76,114,1444,2888,4332,7,5,3,2,3,4,5,6,7,8,9,10,11,12,13,
38.8,39,78,117,1521,3042,4563,7,5,3,2,3,4,5,6,7,8,9,10,11,12,13,
39.2,39,78,117,1521,3042,4563,7,5,3,2,3,4,5,6,7,8,9,10,11,12,13,
39.6,40,80,120,1600,3200,4800,7,5,3,2,3,4,5,6,7,8,9,10,11,12,13,
40,40,80,120,1600,3200,4800,7,5,3,2,3,4,5,6,7,8,9,10,11,12,13,
40.4,40,80,120,1600,3200,4800,7,5,3,2,3,4,5,6,7,8,9,10,11,12,13,
40.8,41,82,123,1681,3362,5043,7,5,3,2,3,4,5,6,7,8,9,10,11,12,13,
41.2,41,82,123,1681,3362,5043,7,5,3,2,3,4,5,6,7,8,9,10,11,12,13,
41.6,42,84,126,1764,3528,5292,7,5,3,2,3,4,5,6,7,8,9,10,11,12,13,
42,42,84,126,1764,3528,5292,7,5,3,2,3,4,5,6,7,8,9,10,11,12,13,
42.4,42,84,126,1764,3528,5292,7,5,3,2,3,4,5,6,7,8,9,10,11,12,13,
42.8,43,86,129,1849,3698,5547,7,5,3,2,3,4,5,6,7,8,9,10,11,12,13,
43.2,43,86,129,1849,3698,5547,7,5,3,2,3,4,5,6,7,8,9,10,11,12,13,
43.6,44,88,132,1936,3872,5808,7,5,3,2,3,4,5,6,7,8,9,10,11,12,13,
44,44,88,132,1936,3872,5808,7,5,3,2,3,4,5,6,7,8,9,10,11,12,13,
44.4,44,88,132,1936,3872,5808,7,5,3,2,3,4,5,6,7,8,9,10,11,12,13,
44.8,45,90,135,2025,4050,6075,7,5,3,2,3,4,5,6,7,8,9,10,11,12,13,
45.2,45,90,135,2025,4050,6075,7,5,3,2,3,4,5,6,7,8,9,10,11,12,13,
45.6,46,92,138,2116,4232,6348,7,5,3,2,3,4,5,6,7,8,9,10,11,12,13,
46,46,92,138,2116,4232,6348,7,5,3,2,3,4,5,6,7,8,9,10,11,12,13,
46.4,46,92,138,2116,4232,6348,7,5,3,2,3,4,5,6,7,8,9,10,11,12,13,
46.8,47,94,141,2209,4418,6627,7,5,3,2,3,4,5,6,7,8,9,10,11,12,13,
47.2,47,94,141,2209,4418,6627,7,5,3,2,3,4,5,6,7,8,9,10,11,12,13,
47.6,48,96,144,2304,4608,6912,7,5,3,2,3,4,5,6,7,8,9,10,11,12,13,
48,48,96,144,2304,4608,6912,7,5,3,2,3,4,5,6,7,8,9,10,11,12,13,
48.4,48,96,144,2304,4608,6912,7,5,3,2,3,4,5,6,7,8,9,10,11,12,13,
48.8,49,98,147,2401,4802,7203,7,5,3,2,3,4,5,6,7,8,9,10,11,12,13,
49.2,49,98,147,2401,4802,7203,7,5,3,2,3,4,5,6,7,8,9,10,11,12,13,
49.6,50,100,150,2500,5000,7500,7,5,3,2,3,4,5,6,7,8,9,10,11,12,13,
50,50,100,150,2500,5000,7500,7,5,3,2,3,4,5,6,7,8,9,10,11,12,13,
50.4,50,100,150,2500,5000,7500,7,5,3,2,3,4,5,6,7,8,9,10,11,12,13,
50.8,51,102,153,2601,5202,7803,7,5,3,2,3,4,5,6,7,8,9,10,11,12,13,
51.2,51,102,153,2601,5202,7803,7,5,3,2,3,4,5,6,7,8,9,10,11,12,13,
51.6,52,104,156,2704,5408,8112,7,5,3,2,3,4,5,6,7,8,9,10,11,12,13,
52,52,104,156,2704,5408,8112,7,5,3,2,3,4,5,6,7,8,9,10,11,12,13,
52.4,52,104,156,2704,5408,8112,7,5,3,2,3,4,5,6,7,8,9,10,11,12,13,
52.8,53,106,159,2809,5618,8427,7,5,3,2,3,4,5,6,7,8,9,10,11,12,13,
53.2,53,106,159,2809,5618,8427,7,5,3,2,3,4,5,6,7,8,9,10,11,12,13,
53.6,54,108,162,2916,5832,8748,7,5,3,2,3,4,5,6,7,8,9,10,11,12,13,
54,54,108,162,2916,5832,8748,7,5,3,2,3,4,5,6,7,8,9,10,11,12,13,
54.4,54,108,162,2916,5832,8748,7,5,3,2,3,4,5,6,7,8,9,10,11,12,13,
54.8,55,110,165,3025,6050,9075,7,5,3,2,3,4,5,6,7,8,9,10,11,12,13,
55.2,55,110,165,3025,6050,9075,7,5,3,3,4,5,6,7,8,9,10,11,12,13,14,
55.6,56,112,168,3136,6272,9408,7,5,3,3,4,5,6,7,8,9,10,11,12,13,14,
56,56,112,168,3136,6272,9408,7,5,3,3,4,5,6,7,8,9,10,11,12,13,14,
56.4,56,112,168,3136,6272,9408,7,5,3,3,4,5,6,7,8,9,10,11,12,13,14,
56.8,57,114,171,3249,6498,9747,7,5,3,3,4,5,6,7,8,9,10,11,12,13,14,
57.2,57,114,171,3249,6498,9747,7,5,3,3,4,5,6,7,8,9,10,11,12,13,14,
57.6,58,116,174,3364,6728,10092,7,5,3,3,4,5,6,7,8,9,10,11,12,13,14,
58,58,116,174,3364,6728,10092,7,5,3,3,4,5,6,7,8,9,10,11,12,13,14,
58.4,58,116,174,3364,6728,10092,7,5,3,3,4,5,6,7,8,9,10,11,12,13,14,
58.8,59,118,177,3481,6962,10443,7,5,3,3,4,5,6,7,8,9,10,11,12,13,14,
59.2,59,118,177,3481,6962,10443,7,5,3,3,4,5,6,7,8,9,10,11,12,13,14,
59.6,60,120,180,3600,7200,10800,7,5,3,3,4,5,6,7,8,9,10,11,12,13,14,
60,60,120,180,3600,7200,10800,7,5,3,3,4,5,6,7,8,9,10,11,12,13,14,
60.4,60,120,180,3600,7200,10800,7,5,3,3,4,5,6,7,8,9,10,11,12,13,14,
60.8,61,122,183,3721,7442,11163,7,5,3,3,4,5,6,7,8,9,10,11,12,13,14,
61.2,61,122,183,3721,7442,11163,7,5,3,3,4,5,6,7,8,9,10,11,12,13,14,
61.6,62,124,186,3844,7688,11532,7,5,3,3,4,5,6,7,8,9,10,11,12,13,14,
62,62,124,186,3844,7688,11532,7,5,3,3,4,5,6,7,8,9,10,11,12,13,14,
62.4,62,124,186,3844,7688,11532,7,5,3,3,4,5,6,7,8,9,10,11,12,13,14,
62.8,63,126,189,3969,7938,11907,7,5,3,3,4,5,6,7,8,9,10,11,12,13,14,
63.2,63,126,189,3969,7938,11907,7,5,3,3,4,5,6,7,8,9,10,11,12,13,14,
63.6,64,128,192,4096,8192,12288,7,5,3,3,4,5,6,7,8,9,10,11,12,13,14,
64,64,128,192,4096,8192,12288,7,5,3,3,4,5,6,7,8,9,10,11,12,13,14,
64.4,64,128,192,4096,8192,12288,7,5,3,3,4,5,6,7,8,9,10,11,12,13,14,
64.8,65,130,195,4225,8450,12675,7,5,3,3,4,5,6,7,8,9,10,11,12,13,14,
65.2,65,130,195,4225,8450,12675,7,5,3,3,4,5,6,7,8,9,10,11,12,13,14,
65.6,66,132,198,4356,8712,13068,7,5,3,3,4,5,6,7,8,9,10,11,12,13,14,
66,66,132,198,4356,8712,13068,7,5,3,3,4,5,6,7,8,9,10,11,12,13,14,
66.4,66,132,198,4356,8712,13068,7,5,3,3,4,5,6,7,8,9,10,11,12,13,14,
66.8,67,134,201,4489,8978,13467,7,5,3,3,4,5,6,7,8,9,10,11,12,13,14,
67.2,67,134,201,4489,8978,13467,7,5,3,3,4,5,6,7,8,9,10,11,12,13,14,
67.6,68,136,204,4624,9248,13872,7,5,3,3,4,5,6,7,8,9,10,11,12,13,14,
68,68,136,204,4624,9248,13872,7,5,3,3,4,5,6,7,8,9,10,11,12,13,14,
68.4,68,136,204,4624,9248,13872,7,5,3,3,4,5,6,7,8,9,10,11,12,13,14,
68.8,69,138,207,4761,9522,14283,7,5,3,3,4,5,6,7,8,9,10,11,12,13,14,
69.2,69,138,207,4761,9522,14283,7,5,3,3,4,5,6,7,8,9,10,11,12,13,14,
69.6,70,140,210,4900,9800,14700,7,5,3,3,4,5,6,7,8,9,10,11,12,13,14,
70,70,140,210,4900,9800,14700,7,5,3,3,4,5,6,7,8,9,10,11,12,13,14,
70.4,70,140,210,4900,9800,14700,7,5,3,3,4,5,6,7,8,9,10,11,12,13,14,
70.8,71,142,213,5041,10082,15123,7,5,3,3,4,5,6,7,8,9,10,11,12,13,14,
71.2,71,142,213,5041,10082,15123,7,5,3,3,4,5,6,7,8,9,10,11,12,13,14,
71.6,72,144,216,5184,10368,15552,7,5,3,3,4,5,6,7,8,9,10,11,12,13,14,
72,72,144,216,5184,10368,15552,7,5,3,3,4,5,6,7,8,9,10,11,12,13,14,
72.4,72,144,216,5184,10368,15552,7,5,3,3,4,5,6,7,8,9,10,11,12,13,14,
72.8,73,146,219,5329,10658,15987,7,5,3,3,4,5,6,7,8,9,10,11,12,13,14,
73.2,73,146,219,5329,10658,15987,7,5,3,3,4,5,6,7,8,9,10,11,12,13,14,
73.6,74,148,222,5476,10952,16428,7,5,3,4,5,6,7,8,9,10,11,12,13,14,15,
74,74,148,222,5476,10952,16428,7,5,3,4,5,6,7,8,9,10,11,12,13,14,15,
74.4,74,148,222,5476,10952,16428,7,5,3,4,5,6,7,8,9,10,11,12,13,14,15,
74.8,75,150,225,5625,11250,16875,7,5,3,4,5,6,7,8,9,10,11,12,13,14,15,
75.2,75,150,225,5625,11250,16875,7,5,3,4,5,6,7,8,9,10,11,12,13,14,15,
75.6,76,152,228,5776,11552,17328,7,5,3,4,5,6,7,8,9,10,11,12,13,14,15,
76,76,152,228,5776,11552,17328,7,5,3,4,5,6,7,8,9,10,11,12,13,14,15,
76.4,76,152,228,5776,11552,17328,7,5,3,4,5,6,7,8,9,10,11,12,13,14,15,
76.8,77,154,231,5929,11858,17787,7,5,3,4,5,6,7,8,9,10,11,12,13,14,15,
77.2,77,154,231,5929,11858,17787,7,5,3,4,5,6,7,8,9,10,11,12,13,14,15,
77.6,78,156,234,6084,12168,18252,7,5,3,4,5,6,7,8,9,10,11,12,13,14,15,
78,78,156,234,6084,12168,18252,7,5,3,4,5,6,7,8,9,10,11,12,13,14,15,
78.4,78,156,234,6084,12168,18252,7,5,3,4,5,6,7,8,9,10,11,12,13,14,15,
78.8,79,158,237,6241,12482,18723,7,5,3,4,5,6,7,8,9,10,11,12,13,14,15,
79.2,79,158,237,6241,12482,18723,7,5,3,4,5,6,7,8,9,10,11,12,13,14,15,
79.6,80,160,240,6400,12800,19200,7,5,3,4,5,6,7,8,9,10,11,12,13,14,15,
80,80,160,240,6400,12800,19200,7,5,3,4,5,6,7,8,9,10,11,12,13,14,15,
80.4,80,160,240,6400,12800,19200,7,5,3,4,5,6,7,8,9,10,11,12,13,14,15,
80.8,81,162,243,6561,13122,19683,7,5,3,4,5,6,7,8,9,10,11,12,13,14,15,
81.2,81,162,243,6561,13122,19683,7,5,3,4,5,6,7,8,9,10,11,12,13,14,15,
81.6,82,164,246,6724,13448,20172,7,5,3,4,5,6,7,8,9,10,11,12,13,14,15,
82,82,164,246,6724,13448,20172,7,5,3,4,5,6,7,8,9,10,11,12,13,14,15,
82.4,82,164,246,6724,13448,20172,7,5,3,4,5,6,7,8,9,10,11,12,13,14,15,
82.8,83,166,249,6889,13778,20667,7,5,3,4,5,6,7,8,9,10,11,12,13,14,15,
83.2,83,166,249,6889,13778,20667,7,5,3,4,5,6,7,8,9,10,11,12,13,14,15,
83.6,84,168,252,7056,14112,21168,7,5,3,4,5,6,7,8,9,10,11,12,13,14,15,
84,84,168,252,7056,14112,21168,7,5,3,4,5,6,7,8,9,10,11,12,13,14,15,
84.4,84,168,252,7056,14112,21168,7,5,3,4,5,6,7,8,9,10,11,12,13,14,15,
84.8,85,170,255,7225,14450,21675,7,5,3,4,5,6,7,8,9,10,11,12,13,14,15,
85.2,85,170,255,7225,14450,21675,7,5,3,4,5,6,7,8,9,10,11,12,13,14,15,
85.6,86,172,258,7396,14792,22188,7,5,3,4,5,6,7,8,9,10,11,12,13,14,15,
86,86,172,258,7396,14792,22188,7,5,3,4,5,6,7,8,9,10,11,12,13,14,15,
86.4,86,172,258,7396,14792,22188,7,5,3,4,5,6,7,8,9,10,11,12,13,14,15,
86.8,87,174,261,7569,15138,22707,7,5,3,4,5,6,7,8,9,10,11,12,13,14,15,
87.2,87,174,261,7569,15138,22707,7,5,3,4,5,6,7,8,9,10,11,12,13,14,15,
87.6,88,176,264,7744,15488,23232,7,5,3,4,5,6,7,8,9,10,11,12,13,14,15,
88,88,176,264,7744,15488,23232,7,5,3,4,5,6,7,8,9,10,11,12,13,14,15,
88.4,88,176,264,7744,15488,23232,7,5,3,4,5,6,7,8,9,10,11,12,13,14,15,
88.8,89,178,267,7921,15842,23763,7,5,3,4,5,6,7,8,9,10,11,12,13,14,15,
89.2,89,178,267,7921,15842,23763,7,5,3,4,5,6,7,8,9,10,11,12,13,14,15,
89.6,90,180,270,8100,16200,24300,7,5,3,4,5,6,7,8,9,10,11,12,13,14,15,
90,90,180,270,8100,16200,24300,7,5,3,4,5,6,7,8,9,10,11,12,13,14,15,
90.4,90,180,270,8100,16200,24300,7,5,3,4,5,6,7,8,9,10,11,12,13,14,15,
90.8,91,182,273,8281,16562,24843,7,5,3,4,5,6,7,8,9,10,11,12,13,14,15,
91.2,91,182,273,8281,16562,24843,7,5,3,4,5,6,7,8,9,10,11,12,13,14,15,
91.6,92,184,276,8464,16928,25392,7,5,3,4,5,6,7,8,9,10,11,12,13,14,15,
92,92,184,276,8464,16928,25392,7,5,3,5,6,7,8,9,10,11,12,13,14,15,16,
92.4,92,184,276,8464,16928,25392,7,5,3,5,6,7,8,9,10,11,12,13,14,15,16,
92.8,93,186,279,8649,17298,25947,7,5,3,5,6,7,8,9,10,11,12,13,14,15,16,
93.2,93,186,279,8649,17298,25947,7,5,3,5,6,7,8,9,10,11,12,13,14,15,16,
93.6,94,188,282,8836,17672,26508,7,5,3,5,6,7,8,9,10,11,12,13,14,15,16,
94,94,188,282,8836,17672,26508,7,5,3,5,6,7,8,9,10,11,12,13,14,15,16,
94.4,94,188,282,8836,17672,26508,7,5,3,5,6,7,8,9,10,11,12,13,14,15,16,
94.8,95,190,285,9025,18050,27075,7,5,3,5,6,7,8,9,10,11,12,13,14,15,16,
95.2,95,190,285,9025,18050,27075,7,5,3,5,6,7,8,9,10,11,12,13,14,15,16,
95.6,96,192,288,9216,18432,27648,7,5,3,5,6,7,8,9,10,11,12,13,14,15,16,
96,96,192,288,9216,18432,27648,7,5,3,5,6,7,8,9,10,11,12,13,14,15,16,
96.4,96,192,288,9216,18432,27648,7,5,3,5,6,7,8,9,10,11,12,13,14,15,16,
96.8,97,194,291,9409,18818,28227,7,5,3,5,6,7,8,9,10,11,12,13,14,15,16,
97.2,97,194,291,9409,18818,28227,7,5,3,5,6,7,8,9,10,11,12,13,14,15,16,
97.6,98,196,294,9604,19208,28812,7,5,3,5,6,7,8,9,10,11,12,13,14,15,16,
98,98,196,294,9604,19208,28812,7,5,3,5,6,7,8,9,10,11,12,13,14,15,16,
98.4,98,196,294,9604,19208,28812,7,5,3,5,6,7,8,9,10,11,12,13,14,15,16,
98.8,99,198,297,9801,19602,29403,7,5,3,5,6,7,8,9,10,11,12,13,14,15,16,
99.2,99,198,297,9801,19602,29403,7,5,3,5,6,7,8,9,10,11,12,13,14,15,16,
99.6,100,200,300,10000,20000,30000,7,5,3,5,6,7,8,9,10,11,12,13,14,15,16,
100,100,200,300,10000,20000,30000,7,5,3,5,6,7,8,9,10,11,12,13,14,15,16,
100.4,100,200,300,10000,20000,30000,7,5,3,5,6,7,8,9,10,11,12,13,14,15,16,
100.8,101,202,303,10201,20402,30603,7,5,3,5,6,7,8,9,10,11,12,13,14,15,16,
101.2,101,202,303,10201,20402,30603,7,5,3,5,6,7,8,9,10,11,12,13,14,15,16,
101.6,102,204,306,10404,20808,31212,7,5,3,5,6,7,8,9,10,11,12,13,14,15,16,
102,102,204,306,10404,20808,31212,7,5,3,5,6,7,8,9,10,11,12,13,14,15,16,
102.4,102,204,306,10404,20808,31212,7,5,3,5,6,7,8,9,10,11,12,13,14,15,16,
102.8,103,206,309,10609,21218,31827,7,5,3,5,6,7,8,9,10,11,12,13,14,15,16,
103.2,103,206,309,10609,21218,31827,7,5,3,5,6,7,8,9,10,11,12,13,14,15,16,
103.6,104,208,312,10816,21632,32448,7,5,3,5,6,7,8,9,10,11,12,13,14,15,16,
104,104,208,312,10816,21632,32448,7,5,3,5,6,7,8,9,10,11,12,13,14,15,16,
104.4,104,208,312,10816,21632,32448,7,5,3,5,6,7,8,9,10,11,12,13,14,15,16,
104.8,105,210,315,11025,22050,33075,7,5,3,5,6,7,8,9,10,11,12,13,14,15,16,
105.2,105,210,315,11025,22050,33075,7,5,3,5,6,7,8,9,10,11,12,13,14,15,16,
105.6,106,212,318,11236,22472,33708,7,5,3,5,6,7,8,9,10,11,12,13,14,15,16,
106,106,212,318,11236,22472,33708,7,5,3,5,6,7,8,9,10,11,12,13,14,15,16,
106.4,106,212,318,11236,22472,33708,7,5,3,5,6,7,8,9,10,11,12,13,14,15,16,
106.8,107,214,321,11449,22898,34347,7,5,3,5,6,7,8,9,10,11,12,13,14,15,16,
107.2,107,214,321,11449,22898,34347,7,5,3,5,6,7,8,9,10,11,12,13,14,15,16,
107.6,108,216,324,11664,23328,34992,7,5,3,5,6,7,8,9,10,11,12,13,14,15,16,
108,108,216,324,11664,23328,34992,7,5,3,5,6,7,8,9,10,11,12,13,14,15,16,
108.4,108,216,324,11664,23328,34992,7,5,3,5,6,7,8,9,10,11,12,13,14,15,16,
108.8,109,218,327,11881,23762,35643,7,5,3,5,6,7,8,9,10,11,12,13,14,15,16,
109.2,109,218,327,11881,23762,35643,7,5,3,5,6,7,8,9,10,11,12,13,14,15,16,
109.6,110,220,330,12100,24200,36300,7,5,3,5,6,7,8,9,10,11,12,13,14,15,16,
110,110,220,330,12100,24200,36300,7,5,3,5,6,7,8,9,10,11,12,13,14,15,16,
110.4,110,220,330,12100,24200,36300,7,5,3,6,7,8,9,10,11,12,13,14,15,16,17,
110.8,111,222,333,12321,24642,36963,7,5,3,6,7,8,9,10,11,12,13,14,15,16,17,
111.2,111,222,333,12321,24642,36963,7,5,3,6,7,8,9,10,11,12,13,14,15,16,17,
111.6,112,224,336,12544,25088,37632,7,5,3,6,7,8,9,10,11,12,13,14,15,16,17,
112,112,224,336,12544,25088,37632,7,5,3,6,7,8,9,10,11,12,13,14,15,16,17,
112.4,112,224,336,12544,25088,37632,7,5,3,6,7,8,9,10,11,12,13,14,15,16,17,
112.8,113,226,339,12769,25538,38307,7,5,3,6,7,8,9,10,11,12,13,14,15,16,17,
113.2,113,226,339,12769,25538,38307,7,5,3,6,7,8,9,10,11,12,13,14,15,16,17,
113.6,114,228,342,12996,25992,38988,7,5,3,6,7,8,9,10,11,12,13,14,15,16,17,
114,114,228,342,12996,25992,38988,7,5,3,6,7,8,9,10,11,12,13,14,15,16,17,
114.4,114,228,342,12996,25992,38988,7,5,3,6,7,8,9,10,11,12,13,14,15,16,17,
114.8,115,230,345,13225,26450,39675,7,5,3,6,7,8,9,10,11,12,13,14,15,16,17,
115.2,115,230,345,13225,26450,39675,7,5,3,6,7,8,9,10,11,12,13,14,15,16,17,
115.6,116,232,348,13456,26912,40368,7,5,3,6,7,8,9,10,11,12,13,14,15,16,17,
116,116,232,348,13456,26912,40368,7,5,3,6,7,8,9,10,11,12,13,14,15,16,17,
116.4,116,232,348,13456,26912,40368,7,5,3,6,7,8,9,10,11,12,13,14,15,16,17,
116.8,117,234,351,13689,27378,41067,7,5,3,6,7,8,9,10,11,12,13,14,15,16,17,
117.2,117,234,351,13689,27378,41067,7,5,3,6,7,8,9,10,11,12,13,14,15,16,17,
117.6,118,236,354,13924,27848,41772,7,5,3,6,7,8,9,10,11,12,13,14,15,16,17,
118,118,236,354,13924,27848,41772,7,5,3,6,7,8,9,10,11,12,13,14,15,16,17,
118.4,118,236,354,13924,27848,41772,7,5,3,6,7,8,9,10,11,12,13,14,15,16,17,
118.8,119,238,357,14161,28322,42483,7,5,3,6,7,8,9,10,11,12,13,14,15,16,17,
119.2,119,238,357,14161,28322,42483,7,5,3,6,7,8,9,10,11,12,13,14,15,16,17,
119.6,120,240,360,14400,28800,43200,7,5,3,6,7,8,9,10,11,12,13,14,15,16,17,
120,120,240,360,14400,28800,43200,7,5,3,6,7,8,9,10,11,12,13,14,15,16,17,
120.4,120,240,360,14400,28800,43200,7,5,3,6,7,8,9,10,11,12,13,14,15,16,17,
120.8,121,242,363,14641,29282,43923,7,5,3,6,7,8,9,10,11,12,13,14,15,16,17,
121.2,121,242,363,14641,29282,43923,7,5,3,6,7,8,9,10,11,12,13,14,15,16,17,
121.6,122,244,366,14884,29768,44652,7,5,3,6,7,8,9,10,11,12,13,14,15,16,17,
122,122,244,366,14884,29768,44652,7,5,3,6,7,8,9,10,11,12,13,14,15,16,17,
122.4,122,244,366,14884,29768,44652,7,5,3,6,7,8,9,10,11,12,13,14,15,16,17,
122.8,123,246,369,15129,30258,45387,7,5,3,6,7,8,9,10,11,12,13,14,15,16,17,
123.2,123,246,369,15129,30258,45387,7,5,3,6,7,8,9,10,11,12,13,14,15,16,17,
123.6,124,248,372,15376,30752,46128,7,5,3,6,7,8,9,10,11,12,13,14,15,16,17,
124,124,248,372,15376,30752,46128,7,5,3,6,7,8,9,10,11,12,13,14,15,16,17,
124.4,124,248,372,15376,30752,46128,7,5,3,6,7,8,9,10,11,12,13,14,15,16,17,
124.8,125,250,375,15625,31250,46875,7,5,3,6,7,8,9,10,11,12,13,14,15,16,17,
125.2,125,250,375,15625,31250,46875,7,5,3,6,7,8,9,10,11,12,13,14,15,16,17,
125.6,126,252,378,15876,31752,47628,7,5,3,6,7,8,9,10,11,12,13,14,15,16,17,
126,126,252,378,15876,31752,47628,7,5,3,6,7,8,9,10,11,12,13,14,15,16,17,
126.4,126,252,378,15876,31752,47628,7,5,3,6,7,8,9,10,11,12,13,14,15,16,17,
126.8,127,254,381,16129,32258,48387,7,5,3,6,7,8,9,10,11,12,13,14,15,16,17,
127.2,127,254,381,16129,32258,48387,7,5,3,6,7,8,9,10,11,12,13,14,15,16,17,
127.6,128,256,384,16384,32768,49152,7,5,3,6,7,8,9,10,11,12,13,14,15,16,17,
128,128,256,384,16384,32768,49152,7,5,3,6,7,8,9,10,11,12,13,14,15,16,17,
128.4,128,256,384,16384,32768,49152,7,5,3,6,7,8,9,10,11,12,13,14,15,16,17,
128.8,129,258,387,16641,33282,49923,7,5,3,7,8,9,10,11,12,13,14,15,16,17,18,
129.2,129,258,387,16641,33282,49923,7,5,3,7,8,9,10,11,12,13,14,15,16,17,18,
129.6,130,260,390,16900,33800,50700,7,5,3,7,8,9,10,11,12,13,14,15,16,17,18,
130,130,260,390,16900,33800,50700,7,5,3,7,8,9,10,11,12,13,14,15,16,17,18,
130.4,130,260,390,16900,33800,50700,7,5,3,7,8,9,10,11,12,13,14,15,16,17,18,
130.8,131,262,393,17161,34322,51483,7,5,3,7,8,9,10,11,12,13,14,15,16,17,18,
131.2,131,262,393,17161,34322,51483,7,5,3,7,8,9,10,11,12,13,14,15,16,17,18,
131.6,132,264,396,17424,34848,52272,7,5,3,7,8,9,10,11,12,13,14,15,16,17,18,
132,132,264,396,17424,34848,52272,7,5,3,7,8,9,10,11,12,13,14,15,16,17,18,
132.4,132,264,396,17424,34848,52272,7,5,3,7,8,9,10,11,12,13,14,15,16,17,18,
132.8,133,266,399,17689,35378,53067,7,5,3,7,8,9,10,11,12,13,14,15,16,17,18,
133.2,133,266,399,17689,35378,53067,7,5,3,7,8,9,10,11,12,13,14,15,16,17,18,
133.6,134,268,402,17956,35912,53868,7,5,3,7,8,9,10,11,12,13,14,15,16,17,18,
134,134,268,402,17956,35912,53868,7,5,3,7,8,9,10,11,12,13,14,15,16,17,18,
134.4,134,268,402,17956,35912,53868,7,5,3,7,8,9,10,11,12,13,14,15,16,17,18,
134.8,135,270,405,18225,36450,54675,7,5,3,7,8,9,10,11,12,13,14,15,16,17,18,
135.2,135,270,405,18225,36450,54675,7,5,3,7,8,9,10,11,12,13,14,15,16,17,18,
135.6,136,272,408,18496,36992,55488,7,5,3,7,8,9,10,11,12,13,14,15,16,17,18,
136,136,272,408,18496,36992,55488,7,5,3,7,8,9,10,11,12,13,14,15,16,17,18,
136.4,136,272,408,18496,36992,55488,7,5,3,7,8,9,10,11,12,13,14,15,16,17,18,
136.8,137,274,411,18769,37538,56307,7,5,3,7,8,9,10,11,12,13,14,15,16,17,18,
137.2,137,274,411,18769,37538,56307,7,5,3,7,8,9,10,11,12,13,14,15,16,17,18,
137.6,138,276,414,19044,38088,57132,7,5,3,7,8,9,10,11,12,13,14,15,16,17,18,
138,138,276,414,19044,38088,57132,7,5,3,7,8,9,10,11,12,13,14,15,16,17,18,
138.4,138,276,414,19044,38088,57132,7,5,3,7,8,9,10,11,12,13,14,15,16,17,18,
138.8,139,278,417,19321,38642,57963,7,5,3,7,8,9,10,11,12,13,14,15,16,17,18,
139.2,139,278,417,19321,38642,57963,7,5,3,7,8,9,10,11,12,13,14,15,16,17,18,
139.6,140,280,420,19600,39200,58800,7,5,3,7,8,9,10,11,12,13,14,15,16,17,18,
140,140,280,420,19600,39200,58800,7,5,3,7,8,9,10,11,12,13,14,15,16,17,18,
140.4,140,280,420,19600,39200,58800,7,5,3,7,8,9,10,11,12,13,14,15,16,17,18,
140.8,141,282,423,19881,39762,59643,7,5,3,7,8,9,10,11,12,13,14,15,16,17,18,
141.2,141,282,423,19881,39762,59643,7,5,3,7,8,9,10,11,12,13,14,15,16,17,18,
141.6,142,284,426,20164,40328,60492,7,5,3,7,8,9,10,11,12,13,14,15,16,17,18,
142,142,284,426,20164,40328,60492,7,5,3,7,8,9,10,11,12,13,14,15,16,17,18,
142.4,142,284,426,20164,40328,60492,7,5,3,7,8,9,10,11,12,13,14,15,16,17,18,
142.8,143,286,429,20449,40898,61347,7,5,3,7,8,9,10,11,12,13,14,15,16,17,18,
143.2,143,286,429,20449,40898,61347,7,5,3,7,8,9,10,11,12,13,14,15,16,17,18,
143.6,144,288,432,20736,41472,62208,7,5,3,7,8,9,10,11,12,13,14,15,16,17,18,
144,144,288,432,20736,41472,62208,7,5,3,7,8,9,10,11,12,13,14,15,16,17,18,
144.4,144,288,432,20736,41472,62208,7,5,3,7,8,9,10,11,12,13,14,15,16,17,18,
144.8,145,290,435,21025,42050,63075,7,5,3,7,8,9,10,11,12,13,14,15,16,17,18,
145.2,145,290,435,21025,42050,63075,7,5,3,7,8,9,10,11,12,13,14,15,16,17,18,
145.6,146,292,438,21316,42632,63948,7,5,3,7,8,9,10,11,12,13,14,15,16,17,18,
146,146,292,438,21316,42632,63948,7,5,3,7,8,9,10,11,12,13,14,15,16,17,18,
146.4,146,292,438,21316,42632,63948,7,5,3,7,8,9,10,11,12,13,14,15,16,17,18,
146.8,147,294,441,21609,43218,64827,7,5,3,7,8,9,10,11,12,13,14,15,16,17,18,
147.2,147,294,441,21609,43218,64827,7,5,3,8,9,10,11,12,13,14,15,16,17,18,19,
147.6,148,296,444,21904,43808,176,7,5,3,8,9,10,11,12,13,14,15,16,17,18,19,
148,148,296,444,21904,43808,176,7,5,3,8,9,10,11,12,13,14,15,16,17,18,19,
148.4,148,296,444,21904,43808,176,7,5,3,8,9,10,11,12,13,14,15,16,17,18,19,
148.8,149,298,447,22201,44402,1067,7,5,3,8,9,10,11,12,13,14,15,16,17,18,19,
149.2,149,298,447,22201,44402,1067,7,5,3,8,9,10,11,12,13,14,15,16,17,18,19,
149.6,150,300,450,22500,45000,1964,7,5,3,8,9,10,11,12,13,14,15,16,17,18,19,
150,150,300,450,22500,45000,1964,7,5,3,8,9,10,11,12,13,14,15,16,17,18,19,
150.4,150,300,450,22500,45000,1964,7,5,3,8,9,10,11,12,13,14,15,16,17,18,19,
150.8,151,302,453,22801,45602,2867,7,5,3,8,9,10,11,12,13,14,15,16,17,18,19,
151.2,151,302,453,22801,45602,2867,7,5,3,8,9,10,11,12,13,14,15,16,17,18,19,
151.6,152,304,456,23104,46208,3776,7,5,3,8,9,10,11,12,13,14,15,16,17,18,19,
152,152,304,456,23104,46208,3776,7,5,3,8,9,10,11,12,13,14,15,16,17,18,19,
152.4,152,304,456,23104,46208,3776,7,5,3,8,9,10,11,12,13,14,15,16,17,18,19,
152.8,153,306,459,23409,46818,4691,7,5,3,8,9,10,11,12,13,14,15,16,17,18,19,
153.2,153,306,459,23409,46818,4691,7,5,3,8,9,10,11,12,13,14,15,16,17,18,19,
153.6,154,308,462,23716,47432,5612,7,5,3,8,9,10,11,12,13,14,15,16,17,18,19,
154,154,308,462,23716,47432,5612,7,5,3,8,9,10,11,12,13,14,15,16,17,18,19,
154.4,154,308,462,23716,47432,5612,7,5,3,8,9,10,11,12,13,14,15,16,17,18,19,
154.8,155,310,465,24025,48050,6539,7,5,3,8,9,10,11,12,13,14,15,16,17,18,19,
155.2,155,310,465,24025,48050,6539,7,5,3,8,9,10,11,12,13,14,15,16,17,18,19,
155.6,156,312,468,24336,48672,7472,7,5,3,8,9,10,11,12,13,14,15,16,17,18,19,
156,156,312,468,24336,48672,7472,7,5,3,8,9,10,11,12,13,14,15,16,17,18,19,
156.4,156,312,468,24336,48672,7472,7,5,3,8,9,10,11,12,13,14,15,16,17,18,19,
156.8,157,314,471,24649,49298,8411,7,5,3,8,9,10,11,12,13,14,15,16,17,18,19,
157.2,157,314,471,24649,49298,8411,7,5,3,8,9,10,11,12,13,14,15,16,17,18,19,
157.6,158,316,474,24964,49928,9356,7,5,3,8,9,10,11,12,13,14,15,16,17,18,19,
158,158,316,474,24964,49928,9356,7,5,3,8,9,10,11,12,13,14,15,16,17,18,19,
158.4,158,316,474,24964,49928,9356,7,5,3,8,9,10,11,12,13,14,15,16,17,18,19,
158.8,159,318,477,25281,50562,10307,7,5,3,8,9,10,11,12,13,14,15,16,17,18,19,
159.2,159,318,477,25281,50562,10307,7,5,3,8,9,10,11,12,13,14,15,16,17,18,19,
159.6,160,320,480,25600,51200,11264,7,5,3,8,9,10,11,12,13,14,15,16,17,18,19,
160,160,320,480,25600,51200,11264,7,5,3,8,9,10,11,12,13,14,15,16,17,18,19,
160.4,160,320,480,25600,51200,11264,7,5,3,8,9,10,11,12,13,14,15,16,17,18,19,
160.8,161,322,483,25921,51842,12227,7,5,3,8,9,10,11,12,13,14,15,16,17,18,19,
161.2,161,322,483,25921,51842,12227,7,5,3,8,9,10,11,12,13,14,15,16,17,18,19,
161.6,162,324,486,26244,52488,13196,7,5,3,8,9,10,11,12,13,14,15,16,17,18,19,
162,162,324,486,26244,52488,13196,7,5,3,8,9,10,11,12,13,14,15,16,17,18,19,
162.4,162,324,486,26244,52488,13196,7,5,3,8,9,10,11,12,13,14,15,16,17,18,19,
162.8,163,326,489,26569,53138,14171,7,5,3,8,9,10,11,12,13,14,15,16,17,18,19,
163.2,163,326,489,26569,53138,14171,7,5,3,8,9,10,11,12,13,14,15,16,17,18,19,
163.6,164,328,492,26896,53792,15152,7,5,3,8,9,10,11,12,13,14,15,16,17,18,19,
164,164,328,492,26896,53792,15152,7,5,3,8,9,10,11,12,13,14,15,16,17,18,19,
164.4,164,328,492,26896,53792,15152,7,5,3,8,9,10,11,12,13,14,15,16,17,18,19,
164.8,165,330,495,27225,54450,16139,7,5,3,8,9,10,11,12,13,14,15,16,17,18,19,
165.2,165,330,495,27225,54450,16139,7,5,3,8,9,10,11,12,13,14,15,16,17,18,19,
165.6,166,332,498,27556,55112,17132,7,5,3,9,10,11,12,13,14,15,16,17,18,19,20,
166,166,332,498,27556,55112,17132,7,5,3,9,10,11,12,13,14,15,16,17,18,19,20,
166.4,166,332,498,27556,55112,17132,7,5,3,9,10,11,12,13,14,15,16,17,18,19,20,
166.8,167,334,501,27889,55778,18131,7,5,3,9,10,11,12,13,14,15,16,17,18,19,20,
167.2,167,334,501,27889,55778,18131,7,5,3,9,10,11,12,13,14,15,16,17,18,19,20,
167.6,168,336,504,28224,56448,19136,7,5,3,9,10,11,12,13,14,15,16,17,18,19,20,
168,168,336,504,28224,56448,19136,7,5,3,9,10,11,12,13,14,15,16,17,18,19,20,
168.4,168,336,504,28224,56448,19136,7,5,3,9,10,11,12,13,14,15,16,17,18,19,20,
168.8,169,338,507,28561,57122,20147,7,5,3,9,10,11,12,13,14,15,16,17,18,19,20,
169.2,169,338,507,28561,57122,20147,7,5,3,9,10,11,12,13,14,15,16,17,18,19,20,
169.6,170,340,510,28900,57800,21164,7,5,3,9,10,11,12,13,14,15,16,17,18,19,20,
170,170,340,510,28900,57800,21164,7,5,3,9,10,11,12,13,14,15,16,17,18,19,20,
170.4,170,340,510,28900,57800,21164,7,5,3,9,10,11,12,13,14,15,16,17,18,19,20,
170.8,171,342,513,29241,58482,22187,7,5,3,9,10,11,12,13,14,15,16,17,18,19,20,
171.2,171,342,513,29241,58482,22187,7,5,3,9,10,11,12,13,14,15,16,17,18,19,20,
171.6,172,344,516,29584,59168,23216,7,5,3,9,10,11,12,13,14,15,16,17,18,19,20,
172,172,344,516,29584,59168,23216,7,5,3,9,10,11,12,13,14,15,16,17,18,19,20,
172.4,172,344,516,29584,59168,23216,7,5,3,9,10,11,12,13,14,15,16,17,18,19,20,
172.8,173,346,519,29929,59858,24251,7,5,3,9,10,11,12,13,14,15,16,17,18,19,20,
173.2,173,346,519,29929,59858,24251,7,5,3,9,10,11,12,13,14,15,16,17,18,19,20,
173.6,174,348,522,30276,60552,25292,7,5,3,9,10,11,12,13,14,15,16,17,18,19,20,
174,174,348,522,30276,60552,25292,7,5,3,9,10,11,12,13,14,15,16,17,18,19,20,
174.4,174,348,522,30276,60552,25292,7,5,3,9,10,11,12,13,14,15,16,17,18,19,20,
174.8,175,350,525,30625,61250,26339,7,5,3,9,10,11,12,13,14,15,16,17,18,19,20,
175.2,175,350,525,30625,61250,26339,7,5,3,9,10,11,12,13,14,15,16,17,18,19,20,
175.6,176,352,528,30976,61952,27392,7,5,3,9,10,11,12,13,14,15,16,17,18,19,20,
176,176,352,528,30976,61952,27392,7,5,3,9,10,11,12,13,14,15,16,17,18,19,20,
176.4,176,352,528,30976,61952,27392,7,5,3,9,10,11,12,13,14,15,16,17,18,19,20,
176.8,177,354,531,31329,62658,28451,7,5,3,9,10,11,12,13,14,15,16,17,18,19,20,
177.2,177,354,531,31329,62658,28451,7,5,3,9,10,11,12,13,14,15,16,17,18,19,20,
177.6,178,356,534,31684,63368,29516,7,5,3,9,10,11,12,13,14,15,16,17,18,19,20,
178,178,356,534,31684,63368,29516,7,5,3,9,10,11,12,13,14,15,16,17,18,19,20,
178.4,178,356,534,31684,63368,29516,7,5,3,9,10,11,12,13,14,15,16,17,18,19,20,
178.8,179,358,537,32041,64082,30587,7,5,3,9,10,11,12,13,14,15,16,17,18,19,20,
179.2,179,358,537,32041,64082,30587,7,5,3,9,10,11,12,13,14,15,16,17,18,19,20,
179.6,180,360,540,32400,64800,31664,7,5,3,9,10,11,12,13,14,15,16,17,18,19,20,
180,180,360,540,32400,64800,31664,7,5,3,9,10,11,12,13,14,15,16,17,18,19,20,
180.4,180,360,540,32400,64800,31664,7,5,3,9,10,11,12,13,14,15,16,17,18,19,20,
180.8,181,362,543,32761,65522,32747,7,5,3,9,10,11,12,13,14,15,16,17,18,19,20,
181.2,181,362,543,32761,65522,32747,7,5,3,9,10,11,12,13,14,15,16,17,18,19,20,
181.6,182,364,546,33124,712,33836,7,5,3,9,10,11,12,13,14,15,16,17,18,19,20,
182,182,364,546,33124,712,33836,7,5,3,9,10,11,12,13,14,15,16,17,18,19,20,
182.4,182,364,546,33124,712,33836,7,5,3,9,10,11,12,13,14,15,16,17,18,19,20,
182.8,183,366,549,33489,1442,34931,7,5,3,9,10,11,12,13,14,15,16,17,18,19,20,
183.2,183,366,549,33489,1442,34931,7,5,3,9,10,11,12,13,14,15,16,17,18,19,20,
183.6,184,368,552,33856,2176,36032,7,5,3,9,10,11,12,13,14,15,16,17,18,19,20,
184,184,368,552,33856,2176,36032,7,5,3,10,11,12,13,14,15,16,17,18,19,20,21,
184.4,184,368,552,33856,2176,36032,7,5,3,10,11,12,13,14,15,16,17,18,19,20,21,
184.8,185,370,555,34225,2914,37139,7,5,3,10,11,12,13,14,15,16,17,18,19,20,21,
185.2,185,370,555,34225,2914,37139,7,5,3,10,11,12,13,14,15,16,17,18,19,20,21,
185.6,186,372,558,34596,3656,38252,7,5,3,10,11,12,13,14,15,16,17,18,19,20,21,
186,186,372,558,34596,3656,38252,7,5,3,10,11,12,13,14,15,16,17,18,19,20,21,
186.4,186,372,558,34596,3656,38252,7,5,3,10,11,12,13,14,15,16,17,18,19,20,21,
186.8,187,374,561,34969,4402,39371,7,5,3,10,11,12,13,14,15,16,17,18,19,20,21,
187.2,187,374,561,34969,4402,39371,7,5,3,10,11,12,13,14,15,16,17,18,19,20,21,
187.6,188,376,564,35344,5152,40496,7,5,3,10,11,12,13,14,15,16,17,18,19,20,21,
188,188,376,564,35344,5152,40496,7,5,3,10,11,12,13,14,15,16,17,18,19,20,21,
188.4,188,376,564,35344,5152,40496,7,5,3,10,11,12,13,14,15,16,17,18,19,20,21,
188.8,189,378,567,35721,5906,41627,7,5,3,10,11,12,13,14,15,16,17,18,19,20,21,
189.2,189,378,567,35721,5906,41627,7,5,3,10,11,12,13,14,15,16,17,18,19,20,21,
189.6,190,380,570,36100,6664,42764,7,5,3,10,11,12,13,14,15,16,17,18,19,20,21,
190,190,380,570,36100,6664,42764,7,5,3,10,11,12,13,14,15,16,17,18,19,20,21,
190.4,190,380,570,36100,6664,42764,7,5,3,10,11,12,13,14,15,16,17,18,19,20,21,
190.8,191,382,573,36481,7426,43907,7,5,3,10,11,12,13,14,15,16,17,18,19,20,21,
191.2,191,382,573,36481,7426,43907,7,5,3,10,11,12,13,14,15,16,17,18,19,20,21,
191.6,192,384,576,36864,8192,45056,7,5,3,10,11,12,13,14,15,16,17,18,19,20,21,
192,192,384,576,36864,8192,45056,7,5,3,10,11,12,13,14,15,16,17,18,19,20,21,
192.4,192,384,576,36864,8192,45056,7,5,3,10,11,12,13,14,15,16,17,18,19,20,21,
192.8,193,386,579,37249,8962,46211,7,5,3,10,11,12,13,14,15,16,17,18,19,20,21,
193.2,193,386,579,37249,8962,46211,7,5,3,10,11,12,13,14,15,16,17,18,19,20,21,
193.6,194,388,582,37636,9736,47372,7,5,3,10,11,12,13,14,15,16,17,18,19,20,21,
194,194,388,582,37636,9736,47372,7,5,3,10,11,12,13,14,15,16,17,18,19,20,21,
194.4,194,388,582,37636,9736,47372,7,5,3,10,11,12,13,14,15,16,17,18,19,20,21,
194.8,195,390,585,38025,10514,48539,7,5,3,10,11,12,13,14,15,16,17,18,19,20,21,
195.2,195,390,585,38025,10514,48539,7,5,3,10,11,12,13,14,15,16,17,18,19,20,21,
195.6,196,392,588,38416,11296,49712,7,5,3,10,11,12,13,14,15,16,17,18,19,20,21,
196,196,392,588,38416,11296,49712,7,5,3,10,11,12,13,14,15,16,17,18,19,20,21,
196.4,196,392,588,38416,11296,49712,7,5,3,10,11,12,13,14,15,16,17,18,19,20,21,
196.8,197,394,591,38809,12082,50891,7,5,3,10,11,12,13,14,15,16,17,18,19,20,21,
197.2,197,394,591,38809,12082,50891,7,5,3,10,11,12,13,14,15,16,17,18,19,20,21,
197.6,198,396,594,39204,12872,52076,7,5,3,10,11,12,13,14,15,16,17,18,19,20,21,
198,198,396,594,39204,12872,52076,7,5,3,10,11,12,13,14,15,16,17,18,19,20,21,
198.4,198,396,594,39204,12872,52076,7,5,3,10,11,12,13,14,15,16,17,18,19,20,21,
198.8,199,398,597,39601,13666,53267,7,5,3,10,11,12,13,14,15,16,17,18,19,20,21,
199.2,199,398,597,39601,13666,53267,7,5,3,10,11,12,13,14,15,16,17,18,19,20,21,
199.6,200,400,600,40000,14464,54464,7,5,3,10,11,12,13,14,15,16,17,18,19,20,21,
200,200,400,600,40000,14464,54464,7,5,3,10,11,12,13,14,15,16,17,18,19,20,21,
200.4,200,400,600,40000,14464,54464,7,5,3,10,11,12,13,14,15,16,17,18,19,20,21,
200.8,201,402,603,40401,15266,55667,7,5,3,10,11,12,13,14,15,16,17,18,19,20,21,
201.2,201,402,603,40401,15266,55667,7,5,3,10,11,12,13,14,15,16,17,18,19,20,21,
201.6,202,404,606,40804,16072,56876,7,5,3,10,11,12,13,14,15,16,17,18,19,20,21,
202,202,404,606,40804,16072,56876,7,5,3,10,11,12,13,14,15,16,17,18,19,20,21,
202.4,202,404,606,40804,16072,56876,7,5,3,11,12,13,14,15,16,17,18,19,20,21,22,
202.8,203,406,609,41209,16882,58091,7,5,3,11,12,13,14,15,16,17,18,19,20,21,22,
203.2,203,406,609,41209,16882,58091,7,5,3,11,12,13,14,15,16,17,18,19,20,21,22,
203.6,204,408,612,41616,17696,59312,7,5,3,11,12,13,14,15,16,17,18,19,20,21,22,
204,204,408,612,41616,17696,59312,7,5,3,11,12,13,14,15,16,17,18,19,20,21,22,
204.4,204,408,612,41616,17696,59312,7,5,3,11,12,13,14,15,16,17,18,19,20,21,22,
204.8,205,410,615,42025,18514,60539,7,5,3,11,12,13,14,15,16,17,18,19,20,21,22,
205.2,205,410,615,42025,18514,60539,7,5,3,11,12,13,14,15,16,17,18,19,20,21,22,
205.6,206,412,618,42436,19336,61772,7,5,3,11,12,13,14,15,16,17,18,19,20,21,22,
206,206,412,618,42436,19336,61772,7,5,3,11,12,13,14,15,16,17,18,19,20,21,22,
206.4,206,412,618,42436,19336,61772,7,5,3,11,12,13,14,15,16,17,18,19,20,21,22,
206.8,207,414,621,42849,20162,63011,7,5,3,11,12,13,14,15,16,17,18,19,20,21,22,
207.2,207,414,621,42849,20162,63011,7,5,3,11,12,13,14,15,16,17,18,19,20,21,22,
207.6,208,416,624,43264,20992,64256,7,5,3,11,12,13,14,15,16,17,18,19,20,21,22,
208,208,416,624,43264,20992,64256,7,5,3,11,12,13,14,15,16,17,18,19,20,21,22,
208.4,208,416,624,43264,20992,64256,7,5,3,11,12,13,14,15,16,17,18,19,20,21,22,
208.8,209,418,627,43681,21826,65507,7,5,3,11,12,13,14,15,16,17,18,19,20,21,22,
209.2,209,418,627,43681,21826,65507,7,5,3,11,12,13,14,15,16,17,18,19,20,21,22,
209.6,210,420,630,44100,22664,1228,7,5,3,11,12,13,14,15,16,17,18,19,20,21,22,
210,210,420,630,44100,22664,1228,7,5,3,11,12,13,14,15,16,17,18,19,20,21,22,
210.4,210,420,630,44100,22664,1228,7,5,3,11,12,13,14,15,16,17,18,19,20,21,22,
210.8,211,422,633,44521,23506,2491,7,5,3,11,12,13,14,15,16,17,18,19,20,21,22,
211.2,211,422,633,44521,23506,2491,7,5,3,11,12,13,14,15,16,17,18,19,20,21,22,
211.6,212,424,636,44944,24352,3760,7,5,3,11,12,13,14,15,16,17,18,19,20,21,22,
212,212,424,636,44944,24352,3760,7,5,3,11,12,13,14,15,16,17,18,19,20,21,22,
212.4,212,424,636,44944,24352,3760,7,5,3,11,12,13,14,15,16,17,18,19,20,21,22,
212.8,213,426,639,45369,25202,5035,7,5,3,11,12,13,14,15,16,17,18,19,20,21,22,
213.2,213,426,639,45369,25202,5035,7,5,3,11,12,13,14,15,16,17,18,19,20,21,22,
213.6,214,428,642,45796,26056,6316,7,5,3,11,12,13,14,15,16,17,18,19,20,21,22,
214,214,428,642,45796,26056,6316,7,5,3,11,12,13,14,15,16,17,18,19,20,21,22,
214.4,214,428,642,45796,26056,6316,7,5,3,11,12,13,14,15,16,17,18,19,20,21,22,
214.8,215,430,645,46225,26914,7603,7,5,3,11,12,13,14,15,16,17,18,19,20,21,22,
215.2,215,430,645,46225,26914,7603,7,5,3,11,12,13,14,15,16,17,18,19,20,21,22,
215.6,216,432,648,46656,27776,8896,7,5,3,11,12,13,14,15,16,17,18,19,20,21,22,
216,216,432,648,46656,27776,8896,7,5,3,11,12,13,14,15,16,17,18,19,20,21,22,
216.4,216,432,648,46656,27776,8896,7,5,3,11,12,13,14,15,16,17,18,19,20,21,22,
216.8,217,434,651,47089,28642,10195,7,5,3,11,12,13,14,15,16,17,18,19,20,21,22,
217.2,217,434,651,47089,28642,10195,7,5,3,11,12,13,14,15,16,17,18,19,20,21,22,
217.6,218,436,654,47524,29512,11500,7,5,3,11,12,13,14,15,16,17,18,19,20,21,22,
218,218,436,654,47524,29512,11500,7,5,3,11,12,13,14,15,16,17,18,19,20,21,22,
218.4,218,436,654,47524,29512,11500,7,5,3,11,12,13,14,15,16,17,18,19,20,21,22,
218.8,219,438,657,47961,30386,12811,7,5,3,11,12,13,14,15,16,17,18,19,20,21,22,
219.2,219,438,657,47961,30386,12811,7,5,3,11,12,13,14,15,16,17,18,19,20,21,22,
219.6,220,440,660,48400,31264,14128,7,5,3,11,12,13,14,15,16,17,18,19,20,21,22,
220,220,440,660,48400,31264,14128,7,5,3,11,12,13,14,15,16,17,18,19,20,21,22,
220.4,220,440,660,48400,31264,14128,7,5,3,11,12,13,14,15,16,17,18,19,20,21,22,
220.8,221,442,663,48841,32146,15451,7,5,3,12,13,14,15,16,17,18,19,20,21,22,23,
221.2,221,442,663,48841,32146,15451,7,5,3,12,13,14,15,16,17,18,19,20,21,22,23,
221.6,222,444,666,49284,33032,16780,7,5,3,12,13,14,15,16,17,18,19,20,21,22,23,
222,222,444,666,49284,33032,16780,7,5,3,12,13,14,15,16,17,18,19,20,21,22,23,
222.4,222,444,666,49284,33032,16780,7,5,3,12,13,14,15,16,17,18,19,20,21,22,23,
222.8,223,446,669,49729,33922,18115,7,5,3,12,13,14,15,16,17,18,19,20,21,22,23,
223.2,223,446,669,49729,33922,18115,7,5,3,12,13,14,15,16,17,18,19,20,21,22,23,
223.6,224,448,672,50176,34816,19456,7,5,3,12,13,14,15,16,17,18,19,20,21,22,23,
224,224,448,672,50176,34816,19456,7,5,3,12,13,14,15,16,17,18,19,20,21,22,23,
224.4,224,448,672,50176,34816,19456,7,5,3,12,13,14,15,16,17,18,19,20,21,22,23,
224.8,225,450,675,50625,35714,20803,7,5,3,12,13,14,15,16,17,18,19,20,21,22,23,
225.2,225,450,675,50625,35714,20803,7,5,3,12,13,14,15,16,17,18,19,20,21,22,23,
225.6,226,452,678,51076,36616,22156,7,5,3,12,13,14,15,16,17,18,19,20,21,22,23,
226,226,452,678,51076,36616,22156,7,5,3,12,13,14,15,16,17,18,19,20,21,22,23,
226.4,226,452,678,51076,36616,22156,7,5,3,12,13,14,15,16,17,18,19,20,21,22,23,
226.8,227,454,681,51529,37522,23515,7,5,3,12,13,14,15,16,17,18,19,20,21,22,23,
227.2,227,454,681,51529,37522,23515,7,5,3,12,13,14,15,16,17,18,19,20,21,22,23,
227.6,228,456,684,51984,38432,24880,7,5,3,12,13,14,15,16,17,18,19,20,21,22,23,
228,228,456,684,51984,38432,24880,7,5,3,12,13,14,15,16,17,18,19,20,21,22,23,
228.4,228,456,684,51984,38432,24880,7,5,3,12,13,14,15,16,17,18,19,20,21,22,23,
228.8,229,458,687,52441,39346,26251,7,5,3,12,13,14,15,16,17,18,19,20,21,22,23,
229.2,229,458,687,52441,39346,26251,7,5,3,12,13,14,15,16,17,18,19,20,21,22,23,
229.6,230,460,690,52900,40264,27628,7,5,3,12,13,14,15,16,17,18,19,20,21,22,23,
230,230,460,690,52900,40264,27628,7,5,3,12,13,14,15,16,17,18,19,20,21,22,23,
230.4,230,460,690,52900,40264,27628,7,5,3,12,13,14,15,16,17,18,19,20,21,22,23,
230.8,231,462,693,53361,41186,29011,7,5,3,12,13,14,15,16,17,18,19,20,21,22,23,
231.2,231,462,693,53361,41186,29011,7,5,3,12,13,14,15,16,17,18,19,20,21,22,23,
231.6,232,464,696,53824,42112,30400,7,5,3,12,13,14,15,16,17,18,19,20,21,22,23,
232,232,464,696,53824,42112,30400,7,5,3,12,13,14,15,16,17,18,19,20,21,22,23,
232.4,232,464,696,53824,42112,30400,7,5,3,12,13,14,15,16,17,18,19,20,21,22,23,
232.8,233,466,699,54289,43042,31795,7,5,3,12,13,14,15,16,17,18,19,20,21,22,23,
233.2,233,466,699,54289,43042,31795,7,5,3,12,13,14,15,16,17,18,19,20,21,22,23,
233.6,234,468,702,54756,43976,33196,7,5,3,12,13,14,15,16,17,18,19,20,21,22,23,
234,234,468,702,54756,43976,33196,7,5,3,12,13,14,15,16,17,18,19,20,21,22,23,
234.4,234,468,702,54756,43976,33196,7,5,3,12,13,14,15,16,17,18,19,20,21,22,23,
234.8,235,470,705,55225,44914,34603,7,5,3,12,13,14,15,16,17,18,19,20,21,22,23,
235.2,235,470,705,55225,44914,34603,7,5,3,12,13,14,15,16,17,18,19,20,21,22,23,
235.6,236,472,708,55696,45856,36016,7,5,3,12,13,14,15,16,17,18,19,20,21,22,23,
236,236,472,708,55696,45856,36016,7,5,3,12,13,14,15,16,17,18,19,20,21,22,23,
236.4,236,472,708,55696,45856,36016,7,5,3,12,13,14,15,16,17,18,19,20,21,22,23,
236.8,237,474,711,56169,46802,37435,7,5,3,12,13,14,15,16,17,18,19,20,21,22,23,
237.2,237,474,711,56169,46802,37435,7,5,3,12,13,14,15,16,17,18,19,20,21,22,23,
237.6,238,476,714,56644,47752,38860,7,5,3,12,13,14,15,16,17,18,19,20,21,22,23,
238,238,476,714,56644,47752,38860,7,5,3,12,13,14,15,16,17,18,19,20,21,22,23,
238.4,238,476,714,56644,47752,38860,7,5,3,12,13,14,15,16,17,18,19,20,21,22,23,
238.8,239,478,717,57121,48706,40291,7,5,3,12,13,14,15,16,17,18,19,20,21,22,23,
239.2,239,478,717,57121,48706,40291,7,5,3,13,14,15,16,17,18,19,20,21,22,23,24,
239.6,240,480,720,57600,49664,41728,7,5,3,13,14,15,16,17,18,19,20,21,22,23,24,
240,240,480,720,57600,49664,41728,7,5,3,13,14,15,16,17,18,19,20,21,22,23,24,
240.4,240,480,720,57600,49664,41728,7,5,3,13,14,15,16,17,18,19,20,21,22,23,24,
240.8,241,482,723,58081,50626,43171,7,5,3,13,14,15,16,17,18,19,20,21,22,23,24,
241.2,241,482,723,58081,50626,43171,7,5,3,13,14,15,16,17,18,19,20,21,22,23,24,
241.6,242,484,726,58564,51592,44620,7,5,3,13,14,15,16,17,18,19,20,21,22,23,24,
242,242,484,726,58564,51592,44620,7,5,3,13,14,15,16,17,18,19,20,21,22,23,24,
242.4,242,484,726,58564,51592,44620,7,5,3,13,14,15,16,17,18,19,20,21,22,23,24,
242.8,243,486,729,59049,52562,46075,7,5,3,13,14,15,16,17,18,19,20,21,22,23,24,
243.2,243,486,729,59049,52562,46075,7,5,3,13,14,15,16,17,18,19,20,21,22,23,24,
243.6,244,488,732,59536,53536,47536,7,5,3,13,14,15,16,17,18,19,20,21,22,23,24,
244,244,488,732,59536,53536,47536,7,5,3,13,14,15,16,17,18,19,20,21,22,23,24,
244.4,244,488,732,59536,53536,47536,7,5,3,13,14,15,16,17,18,19,20,21,22,23,24,
244.8,245,490,735,60025,54514,49003,7,5,3,13,14,15,16,17,18,19,20,21,22,23,24,
245.2,245,490,735,60025,54514,49003,7,5,3,13,14,15,16,17,18,19,20,21,22,23,24,
245.6,246,492,738,60516,55496,50476,7,5,3,13,14,15,16,17,18,19,20,21,22,23,24,
246,246,492,738,60516,55496,50476,7,5,3,13,14,15,16,17,18,19,20,21,22,23,24,
246.4,246,492,738,60516,55496,50476,7,5,3,13,14,15,16,17,18,19,20,21,22,23,24,
246.8,247,494,741,61009,56482,51955,7,5,3,13,14,15,16,17,18,19,20,21,22,23,24,
247.2,247,494,741,61009,56482,51955,7,5,3,13,14,15,16,17,18,19,20,21,22,23,24,
247.6,248,496,744,61504,57472,53440,7,5,3,13,14,15,16,17,18,19,20,21,22,23,24,
248,248,496,744,61504,57472,53440,7,5,3,13,14,15,16,17,18,19,20,21,22,23,24,
248.4,248,496,744,61504,57472,53440,7,5,3,13,14,15,16,17,18,19,20,21,22,23,24,
248.8,249,498,747,62001,58466,54931,7,5,3,13,14,15,16,17,18,19,20,21,22,23,24,
249.2,249,498,747,62001,58466,54931,7,5,3,13,14,15,16,17,18,19,20,21,22,23,24,
249.6,250,500,750,62500,59464,56428,7,5,3,13,14,15,16,17,18,19,20,21,22,23,24,
250,250,500,750,62500,59464,56428,7,5,3,13,14,15,16,17,18,19,20,21,22,23,24,
250.4,250,500,750,62500,59464,56428,7,5,3,13,14,15,16,17,18,19,20,21,22,23,24,
250.8,251,502,753,63001,60466,57931,7,5,3,13,14,15,16,17,18,19,20,21,22,23,24,
251.2,251,502,753,63001,60466,57931,7,5,3,13,14,15,16,17,18,19,20,21,22,23,24,
251.6,252,504,756,63504,61472,59440,7,5,3,13,14,15,16,17,18,19,20,21,22,23,24,
252,252,504,756,63504,61472,59440,7,5,3,13,14,15,16,17,18,19,20,21,22,23,24,
252.4,252,504,756,63504,61472,59440,7,5,3,13,14,15,16,17,18,19,20,21,22,23,24,
252.8,253,506,759,64009,62482,60955,7,5,3,13,14,15,16,17,18,19,20,21,22,23,24,
253.2,253,506,759,64009,62482,60955,7,5,3,13,14,15,16,17,18,19,20,21,22,23,24,
253.6,254,508,762,64516,63496,62476,7,5,3,13,14,15,16,17,18,19,20,21,22,23,24,
254,254,508,762,64516,63496,62476,7,5,3,13,14,15,16,17,18,19,20,21,22,23,24,
254.4,254,508,762,64516,63496,62476,7,5,3,13,14,15,16,17,18,19,20,21,22,23,24,
254.8,255,510,765,65025,64514,64003,7,5,3,13,14,15,16,17,18,19,20,21,22,23,24,
255.2,255,510,765,65025,64514,64003,7,5,3,13,14,15,16,17,18,19,20,21,22,23,24,
255.6,256,512,768,0,0,0,7,5,3,13,14,15,16,17,18,19,20,21,22,23,24,
256,256,512,768,0,0,0,7,5,3,13,14,15,16,17,18,19,20,21,22,23,24,
256.4,256,512,768,0,0,0,7,5,3,13,14,15,16,17,18,19,20,21,22,23,24,
256.8,257,514,771,513,1026,1539,7,5,3,13,14,15,16,17,18,19,20,21,22,23,24,
257.2,257,514,771,513,1026,1539,7,5,3,13,14,15,16,17,18,19,20,21,22,23,24,
257.6,258,516,774,1028,2056,3084,7,5,3,14,15,16,17,18,19,20,21,22,23,24,25,
258,258,516,774,1028,2056,3084,7,5,3,14,15,16,17,18,19,20,21,22,23,24,25,
258.4,258,516,774,1028,2056,3084,7,5,3,14,15,16,17,18,19,20,21,22,23,24,25,
258.8,259,518,777,1545,3090,4635,7,5,3,14,15,16,17,18,19,20,21,22,23,24,25,
259.2,259,518,777,1545,3090,4635,7,5,3,14,15,16,17,18,19,20,21,22,23,24,25,
259.6,260,520,780,2064,4128,6192,7,5,3,14,15,16,17,18,19,20,21,22,23,24,25,
260,260,520,780,2064,4128,6192,7,5,3,14,15,16,17,18,19,20,21,22,23,24,25,
260.4,260,520,780,2064,4128,6192,7,5,3,14,15,16,17,18,19,20,21,22,23,24,25,
260.8,261,522,783,2585,5170,7755,7,5,3,14,15,16,17,18,19,20,21,22,23,24,25,
261.2,261,522,783,2585,5170,7755,7,5,3,14,15,16,17,18,19,20,21,22,23,24,25,
261.6,262,524,786,3108,6216,9324,7,5,3,14,15,16,17,18,19,20,21,22,23,24,25,
262,262,524,786,3108,6216,9324,7,5,3,14,15,16,17,18,19,20,21,22,23,24,25,
262.4,262,524,786,3108,6216,9324,7,5,3,14,15,16,17,18,19,20,21,22,23,24,25,
262.8,263,526,789,3633,7266,10899,7,5,3,14,15,16,17,18,19,20,21,22,23,24,25,
263.2,263,526,789,3633,7266,10899,7,5,3,14,15,16,17,18,19,20,21,22,23,24,25,
263.6,264,528,792,4160,8320,12480,7,5,3,14,15,16,17,18,19,20,21,22,23,24,25,
264,264,528,792,4160,8320,12480,7,5,3,14,15,16,17,18,19,20,21,22,23,24,25,
264.4,264,528,792,4160,8320,12480,7,5,3,14,15,16,17,18,19,20,21,22,23,24,25,
264.8,265,530,795,4689,9378,14067,7,5,3,14,15,16,17,18,19,20,21,22,23,24,25,
265.2,265,530,795,4689,9378,14067,7,5,3,14,15,16,17,18,19,20,21,22,23,24,25,
265.6,266,532,798,5220,10440,15660,7,5,3,14,15,16,17,18,19,20,21,22,23,24,25,
266,266,532,798,5220,10440,15660,7,5,3,14,15,16,17,18,19,20,21,22,23,24,25,
266.4,266,532,798,5220,10440,15660,7,5,3,14,15,16,17,18,19,20,21,22,23,24,25,
266.8,267,534,801,5753,11506,17259,7,5,3,14,15,16,17,18,19,20,21,22,23,24,25,
267.2,267,534,801,5753,11506,17259,7,5,3,14,15,16,17,18,19,20,21,22,23,24,25,
267.6,268,536,804,6288,12576,18864,7,5,3,14,15,16,17,18,19,20,21,22,23,24,25,
268,268,536,804,6288,12576,18864,7,5,3,14,15,16,17,18,19,20,21,22,23,24,25,
268.4,268,536,804,6288,12576,18864,7,5,3,14,15,16,17,18,19,20,21,22,23,24,25,
268.8,269,538,807,6825,13650,20475,7,5,3,14,15,16,17,18,19,20,21,22,23,24,25,
269.2,269,538,807,6825,13650,20475,7,5,3,14,15,16,17,18,19,20,21,22,23,24,25,
269.6,270,540,810,7364,14728,22092,7,5,3,14,15,16,17,18,19,20,21,22,23,24,25,
270,270,540,810,7364,14728,22092,7,5,3,14,15,16,17,18,19,20,21,22,23,24,25,
270.4,270,540,810,7364,14728,22092,7,5,3,14,15,16,17,18,19,20,21,22,23,24,25,
270.8,271,542,813,7905,15810,23715,7,5,3,14,15,16,17,18,19,20,21,22,23,24,25,
271.2,271,542,813,7905,15810,23715,7,5,3,14,15,16,17,18,19,20,21,22,23,24,25,
271.6,272,544,816,8448,16896,25344,7,5,3,14,15,16,17,18,19,20,21,22,23,24,25,
272,272,544,816,8448,16896,25344,7,5,3,14,15,16,17,18,19,20,21,22,23,24,25,
272.4,272,544,816,8448,16896,25344,7,5,3,14,15,16,17,18,19,20,21,22,23,24,25,
272.8,273,546,819,8993,17986,26979,7,5,3,14,15,16,17,18,19,20,21,22,23,24,25,
273.2,273,546,819,8993,17986,26979,7,5,3,14,15,16,17,18,19,20,21,22,23,24,25,
273.6,274,548,822,9540,19080,28620,7,5,3,14,15,16,17,18,19,20,21,22,23,24,25,
274,274,548,822,9540,19080,28620,7,5,3,14,15,16,17,18,19,20,21,22,23,24,25,
274.4,274,548,822,9540,19080,28620,7,5,3,14,15,16,17,18,19,20,21,22,23,24,25,
274.8,275,550,825,10089,20178,30267,7,5,3,14,15,16,17,18,19,20,21,22,23,24,25,
275.2,275,550,825,10089,20178,30267,7,5,3,14,15,16,17,18,19,20,21,22,23,24,25,
275.6,276,552,828,10640,21280,31920,7,5,3,14,15,16,17,18,19,20,21,22,23,24,25,
276,276,552,828,10640,21280,31920,7,5,3,15,16,17,18,19,20,21,22,23,24,25,26,
276.4,276,552,828,10640,21280,31920,7,5,3,15,16,17,18,19,20,21,22,23,24,25,26,
276.8,277,554,831,11193,22386,33579,7,5,3,15,16,17,18,19,20,21,22,23,24,25,26,
277.2,277,554,831,11193,22386,33579,7,5,3,15,16,17,18,19,20,21,22,23,24,25,26,
277.6,278,556,834,11748,23496,35244,7,5,3,15,16,17,18,19,20,21,22,23,24,25,26,
278,278,556,834,11748,23496,35244,7,5,3,15,16,17,18,19,20,21,22,23,24,25,26,
278.4,278,556,834,11748,23496,35244,7,5,3,15,16,17,18,19,20,21,22,23,24,25,26,
278.8,279,558,837,12305,24610,36915,7,5,3,15,16,17,18,19,20,21,22,23,24,25,26,
279.2,279,558,837,12305,24610,36915,7,5,3,15,16,17,18,19,20,21,22,23,24,25,26,
279.6,280,560,840,12864,25728,38592,7,5,3,15,16,17,18,19,20,21,22,23,24,25,26,
280,280,560,840,12864,25728,38592,7,5,3,15,16,17,18,19,20,21,22,23,24,25,26,
280.4,280,560,840,12864,25728,38592,7,5,3,15,16,17,18,19,20,21,22,23,24,25,26,
280.8,281,562,843,13425,26850,40275,7,5,3,15,16,17,18,19,20,21,22,23,24,25,26,
281.2,281,562,843,13425,26850,40275,7,5,3,15,16,17,18,19,20,21,22,23,24,25,26,
281.6,282,564,846,13988,27976,41964,7,5,3,15,16,17,18,19,20,21,22,23,24,25,26,
282,282,564,846,13988,27976,41964,7,5,3,15,16,17,18,19,20,21,22,23,24,25,26,
282.4,282,564,846,13988,27976,41964,7,5,3,15,16,17,18,19,20,21,22,23,24,25,26,
282.8,283,566,849,14553,29106,43659,7,5,3,15,16,17,18,19,20,21,22,23,24,25,26,
283.2,283,566,849,14553,29106,43659,7,5,3,15,16,17,18,19,20,21,22,23,24,25,26,
283.6,284,568,852,15120,30240,45360,7,5,3,15,16,17,18,19,20,21,22,23,24,25,26,
284,284,568,852,15120,30240,45360,7,5,3,15,16,17,18,19,20,21,22,23,24,25,26,
284.4,284,568,852,15120,30240,45360,7,5,3,15,16,17,18,19,20,21,22,23,24,25,26,
284.8,285,570,855,15689,31378,47067,7,5,3,15,16,17,18,19,20,21,22,23,24,25,26,
285.2,285,570,855,15689,31378,47067,7,5,3,15,16,17,18,19,20,21,22,23,24,25,26,
285.6,286,572,858,16260,32520,48780,7,5,3,15,16,17,18,19,20,21,22,23,24,25,26,
286,286,572,858,16260,32520,48780,7,5,3,15,16,17,18,19,20,21,22,23,24,25,26,
286.4,286,572,858,16260,32520,48780,7,5,3,15,16,17,18,19,20,21,22,23,24,25,26,
286.8,287,574,861,16833,33666,50499,7,5,3,15,16,17,18,19,20,21,22,23,24,25,26,
287.2,287,574,861,16833,33666,50499,7,5,3,15,16,17,18,19,20,21,22,23,24,25,26,
287.6,288,576,864,17408,34816,52224,7,5,3,15,16,17,18,19,20,21,22,23,24,25,26,
288,288,576,864,17408,34816,52224,7,5,3,15,16,17,18,19,20,21,22,23,24,25,26,
288.4,288,576,864,17408,34816,52224,7,5,3,15,16,17,18,19,20,21,22,23,24,25,26,
288.8,289,578,867,17985,35970,53955,7,5,3,15,16,17,18,19,20,21,22,23,24,25,26,
289.2,289,578,867,17985,35970,53955,7,5,3,15,16,17,18,19,20,21,22,23,24,25,26,
289.6,290,580,870,18564,37128,55692,7,5,3,15,16,17,18,19,20,21,22,23,24,25,26,
290,290,580,870,18564,37128,55692,7,5,3,15,16,17,18,19,20,21,22,23,24,25,26,
290.4,290,580,870,18564,37128,55692,7,5,3,15,16,17,18,19,20,21,22,23,24,25,26,
290.8,291,582,873,19145,38290,57435,7,5,3,15,16,17,18,19,20,21,22,23,24,25,26,
291.2,291,582,873,19145,38290,57435,7,5,3,15,16,17,18,19,20,21,22,23,24,25,26,
291.6,292,584,876,19728,39456,59184,7,5,3,15,16,17,18,19,20,21,22,23,24,25,26,
292,292,584,876,19728,39456,59184,7,5,3,15,16,17,18,19,20,21,22,23,24,25,26,
292.4,292,584,876,19728,39456,59184,7,5,3,15,16,17,18,19,20,21,22,23,24,25,26,
292.8,293,586,879,20313,40626,60939,7,5,3,15,16,17,18,19,20,21,22,23,24,25,26,
293.2,293,586,879,20313,40626,60939,7,5,3,15,16,17,18,19,20,21,22,23,24,25,26,
293.6,294,588,882,20900,41800,62700,7,5,3,15,16,17,18,19,20,21,22,23,24,25,26,
294,294,588,882,20900,41800,62700,7,5,3,15,16,17,18,19,20,21,22,23,24,25,26,
294.4,294,588,882,20900,41800,62700,7,5,3,16,17,18,19,20,21,22,23,24,25,26,27,
294.8,295,590,885,21489,42978,64467,7,5,3,16,17,18,19,20,21,22,23,24,25,26,27,
295.2,295,590,885,21489,42978,64467,7,5,3,16,17,18,19,20,21,22,23,24,25,26,27,
295.6,296,592,888,22080,44160,704,7,5,3,16,17,18,19,20,21,22,23,24,25,26,27,
296,296,592,888,22080,44160,704,7,5,3,16,17,18,19,20,21,22,23,24,25,26,27,
296.4,296,592,888,22080,44160,704,7,5,3,16,17,18,19,20,21,22,23,24,25,26,27,
296.8,297,594,891,22673,45346,2483,7,5,3,16,17,18,19,20,21,22,23,24,25,26,27,
297.2,297,594,891,22673,45346,2483,7,5,3,16,17,18,19,20,21,22,23,24,25,26,27,
297.6,298,596,894,23268,46536,4268,7,5,3,16,17,18,19,20,21,22,23,24,25,26,27,
298,298,596,894,23268,46536,4268,7,5,3,16,17,18,19,20,21,22,23,24,25,26,27,
298.4,298,596,894,23268,46536,4268,7,5,3,16,17,18,19,20,21,22,23,24,25,26,27,
298.8,299,598,897,23865,47730,6059,7,5,3,16,17,18,19,20,21,22,23,24,25,26,27,
299.2,299,598,897,23865,47730,6059,7,5,3,16,17,18,19,20,21,22,23,24,25,26,27,
299.6,300,600,900,24464,48928,7856,7,5,3,16,17,18,19,20,21,22,23,24,25,26,27,
300,300,600,900,24464,48928,7856,7,5,3,16,17,18,19,20,21,22,23,24,25,26,27,
300.4,300,600,900,24464,48928,7856,7,5,3,16,17,18,19,20,21,22,23,24,25,26,27,
300.8,301,602,903,25065,50130,9659,7,5,3,16,17,18,19,20,21,22,23,24,25,26,27,
301.2,301,602,903,25065,50130,9659,7,5,3,16,17,18,19,20,21,22,23,24,25,26,27,
301.6,302,604,906,25668,51336,11468,7,5,3,16,17,18,19,20,21,22,23,24,25,26,27,
302,302,604,906,25668,51336,11468,7,5,3,16,17,18,19,20,21,22,23,24,25,26,27,
302.4,302,604,906,25668,51336,11468,7,5,3,16,17,18,19,20,21,22,23,24,25,26,27,
302.8,303,606,909,26273,52546,13283,7,5,3,16,17,18,19,20,21,22,23,24,25,26,27,
303.2,303,606,909,26273,52546,13283,7,5,3,16,17,18,19,20,21,22,23,24,25,26,27,
303.6,304,608,912,26880,53760,15104,7,5,3,16,17,18,19,20,21,22,23,24,25,26,27,
304,304,608,912,26880,53760,15104,7,5,3,16,17,18,19,20,21,22,23,24,25,26,27,
304.4,304,608,912,26880,53760,15104,7,5,3,16,17,18,19,20,21,22,23,24,25,26,27,
304.8,305,610,915,27489,54978,16931,7,5,3,16,17,18,19,20,21,22,23,24,25,26,27,
305.2,305,610,915,27489,54978,16931,7,5,3,16,17,18,19,20,21,22,23,24,25,26,27,
305.6,306,612,918,28100,56200,18764,7,5,3,16,17,18,19,20,21,22,23,24,25,26,27,
306,306,612,918,28100,56200,18764,7,5,3,16,17,18,19,20,21,22,23,24,25,26,27,
306.4,306,612,918,28100,56200,18764,7,5,3,16,17,18,19,20,21,22,23,24,25,26,27,
306.8,307,614,921,28713,57426,20603,7,5,3,16,17,18,19,20,21,22,23,24,25,26,27,
307.2,307,614,921,28713,57426,20603,7,5,3,16,17,18,19,20,21,22,23,24,25,26,27,
307.6,308,616,924,29328,58656,22448,7,5,3,16,17,18,19,20,21,22,23,24,25,26,27,
308,308,616,924,29328,58656,22448,7,5,3,16,17,18,19,20,21,22,23,24,25,26,27,
308.4,308,616,924,29328,58656,22448,7,5,3,16,17,18,19,20,21,22,23,24,25,26,27,
308.8,309,618,927,29945,59890,24299,7,5,3,16,17,18,19,20,21,22,23,24,25,26,27,
309.2,309,618,927,29945,59890,24299,7,5,3,16,17,18,19,20,21,22,23,24,25,26,27,
309.6,310,620,930,30564,61128,26156,7,5,3,16,17,18,19,20,21,22,23,24,25,26,27,
310,310,620,930,30564,61128,26156,7,5,3,16,17,18,19,20,21,22,23,24,25,26,27,
310.4,310,620,930,30564,61128,26156,7,5,3,16,17,18,19,20,21,22,23,24,25,26,27,
310.8,311,622,933,31185,62370,28019,7,5,3,16,17,18,19,20,21,22,23,24,25,26,27,
311.2,311,622,933,31185,62370,28019,7,5,3,16,17,18,19,20,21,22,23,24,25,26,27,
311.6,312,624,936,31808,63616,29888,7,5,3,16,17,18,19,20,21,22,23,24,25,26,27,
312,312,624,936,31808,63616,29888,7,5,3,16,17,18,19,20,21,22,23,24,25,26,27,
312.4,312,624,936,31808,63616,29888,7,5,3,16,17,18,19,20,21,22,23,24,25,26,27,
312.8,313,626,939,32433,64866,31763,7,5,3,17,18,19,20,21,22,23,24,25,26,27,28,
313.2,313,626,939,32433,64866,31763,7,5,3,17,18,19,20,21,22,23,24,25,26,27,28,
313.6,314,628,942,33060,584,33644,7,5,3,17,18,19,20,21,22,23,24,25,26,27,28,
314,314,628,942,33060,584,33644,7,5,3,17,18,19,20,21,22,23,24,25,26,27,28,
314.4,314,628,942,33060,584,33644,7,5,3,17,18,19,20,21,22,23,24,25,26,27,28,
314.8,315,630,945,33689,1842,35531,7,5,3,17,18,19,20,21,22,23,24,25,26,27,28,
315.2,315,630,945,33689,1842,35531,7,5,3,17,18,19,20,21,22,23,24,25,26,27,28,
315.6,316,632,948,34320,3104,37424,7,5,3,17,18,19,20,21,22,23,24,25,26,27,28,
316,316,632,948,34320,3104,37424,7,5,3,17,18,19,20,21,22,23,24,25,26,27,28,
316.4,316,632,948,34320,3104,37424,7,5,3,17,18,19,20,21,22,23,24,25,26,27,28,
316.8,317,634,951,34953,4370,39323,7,5,3,17,18,19,20,21,22,23,24,25,26,27,28,
317.2,317,634,951,34953,4370,39323,7,5,3,17,18,19,20,21,22,23,24,25,26,27,28,
317.6,318,636,954,35588,5640,41228,7,5,3,17,18,19,20,21,22,23,24,25,26,27,28,
318,318,636,954,35588,5640,41228,7,5,3,17,18,19,20,21,22,23,24,25,26,27,28,
318.4,318,636,954,35588,5640,41228,7,5,3,17,18,19,20,21,22,23,24,25,26,27,28,
318.8,319,638,957,36225,6914,43139,7,5,3,17,18,19,20,21,22,23,24,25,26,27,28,
319.2,319,638,957,36225,6914,43139,7,5,3,17,18,19,20,21,22,23,24,25,26,27,28,
319.6,320,640,960,36864,8192,45056,7,5,3,17,18,19,20,21,22,23,24,25,26,27,28,
320,320,640,960,36864,8192,45056,7,5,3,17,18,19,20,21,22,23,24,25,26,27,28,
320.4,320,640,960,36864,8192,45056,7,5,3,17,18,19,20,21,22,23,24,25,26,27,28,
320.8,321,642,963,37505,9474,46979,7,5,3,17,18,19,20,21,22,23,24,25,26,27,28,
321.2,321,642,963,37505,9474,46979,7,5,3,17,18,19,20,21,22,23,24,25,26,27,28,
321.6,322,644,966,38148,10760,48908,7,5,3,17,18,19,20,21,22,23,24,25,26,27,28,
322,322,644,966,38148,10760,48908,7,5,3,17,18,19,20,21,22,23,24,25,26,27,28,
322.4,322,644,966,38148,10760,48908,7,5,3,17,18,19,20,21,22,23,24,25,26,27,28,
322.8,323,646,969,38793,12050,50843,7,5,3,17,18,19,20,21,22,23,24,25,26,27,28,
323.2,323,646,969,38793,12050,50843,7,5,3,17,18,19,20,21,22,23,24,25,26,27,28,
323.6,324,648,972,39440,13344,52784,7,5,3,17,18,19,20,21,22,23,24,25,26,27,28,
324,324,648,972,39440,13344,52784,7,5,3,17,18,19,20,21,22,23,24,25,26,27,28,
324.4,324,648,972,39440,13344,52784,7,5,3,17,18,19,20,21,22,23,24,25,26,27,28,
324.8,325,650,975,40089,14642,54731,7,5,3,17,18,19,20,21,22,23,24,25,26,27,28,
325.2,325,650,975,40089,14642,54731,7,5,3,17,18,19,20,21,22,23,24,25,26,27,28,
325.6,326,652,978,40740,15944,56684,7,5,3,17,18,19,20,21,22,23,24,25,26,27,28,
326,326,652,978,40740,15944,56684,7,5,3,17,18,19,20,21,22,23,24,25,26,27,28,
326.4,326,652,978,40740,15944,56684,7,5,3,17,18,19,20,21,22,23,24,25,26,27,28,
326.8,327,654,981,41393,17250,58643,7,5,3,17,18,19,20,21,22,23,24,25,26,27,28,
327.2,327,654,981,41393,17250,58643,7,5,3,17,18,19,20,21,22,23,24,25,26,27,28,
327.6,328,656,984,42048,18560,60608,7,5,3,17,18,19,20,21,22,23,24,25,26,27,28,
328,328,656,984,42048,18560,60608,7,5,3,17,18,19,20,21,22,23,24,25,26,27,28,
328.4,328,656,984,42048,18560,60608,7,5,3,17,18,19,20,21,22,23,24,25,26,27,28,
328.8,329,658,987,42705,19874,62579,7,5,3,17,18,19,20,21,22,23,24,25,26,27,28,
329.2,329,658,987,42705,19874,62579,7,5,3,17,18,19,20,21,22,23,24,25,26,27,28,
329.6,330,660,990,43364,21192,64556,7,5,3,17,18,19,20,21,22,23,24,25,26,27,28,
330,330,660,990,43364,21192,64556,7,5,3,17,18,19,20,21,22,23,24,25,26,27,28,
330.4,330,660,990,43364,21192,64556,7,5,3,17,18,19,20,21,22,23,24,25,26,27,28,
330.8,331,662,993,44025,22514,1003,7,5,3,17,18,19,20,21,22,23,24,25,26,27,28,
331.2,331,662,993,44025,22514,1003,7,5,3,18,19,20,21,22,23,24,25,26,27,28,29,
331.6,332,664,996,44688,23840,2992,7,5,3,18,19,20,21,22,23,24,25,26,27,28,29,
332,332,664,996,44688,23840,2992,7,5,3,18,19,20,21,22,23,24,25,26,27,28,29,
332.4,333,666,999,45353,25170,4987,7,5,3,18,19,20,21,22,23,24,25,26,27,28,29,
332.8,333,666,999,45353,25170,4987,7,5,3,18,19,20,21,22,23,24,25,26,27,28,29,
333.2,333,666,999,45353,25170,4987,7,5,3,18,19,20,21,22,23,24,25,26,27,28,29,
333.6,334,668,1002,46020,26504,6988,7,5,3,18,19,20,21,22,23,24,25,26,27,28,29,
334,334,668,1002,46020,26504,6988,7,5,3,18,19,20,21,22,23,24,25,26,27,28,29,
334.4,335,670,1005,46689,27842,8995,7,5,3,18,19,20,21,22,23,24,25,26,27,28,29,
334.8,335,670,1005,46689,27842,8995,7,5,3,18,19,20,21,22,23,24,25,26,27,28,29,
335.2,335,670,1005,46689,27842,8995,7,5,3,18,19,20,21,22,23,24,25,26,27,28,29,
335.6,336,672,1008,47360,29184,11008,7,5,3,18,19,20,21,22,23,24,25,26,27,28,29,
336,336,672,1008,47360,29184,11008,7,5,3,18,19,20,21,22,23,24,25,26,27,28,29,
336.4,337,674,1011,48033,30530,13027,7,5,3,18,19,20,21,22,23,24,25,26,27,28,29,
336.8,337,674,1011,48033,30530,13027,7,5,3,18,19,20,21,22,23,24,25,26,27,28,29,
337.2,337,674,1011,48033,30530,13027,7,5,3,18,19,20,21,22,23,24,25,26,27,28,29,
337.6,338,676,1014,48708,31880,15052,7,5,3,18,19,20,21,22,23,24,25,26,27,28,29,
338,338,676,1014,48708,31880,15052,7,5,3,18,19,20,21,22,23,24,25,26,27,28,29,
338.4,339,678,1017,49385,33234,17083,7,5,3,18,19,20,21,22,23,24,25,26,27,28,29,
338.8,339,678,1017,49385,33234,17083,7,5,3,18,19,20,21,22,23,24,25,26,27,28,29,
339.2,339,678,1017,49385,33234,17083,7,5,3,18,19,20,21,22,23,24,25,26,27,28,29,
339.6,340,680,1020,50064,34592,19120,7,5,3,18,19,20,21,22,23,24,25,26,27,28,29,
340,340,680,1020,50064,34592,19120,7,5,3,18,19,20,21,22,23,24,25,26,27,28,29,
340.4,341,682,1023,50745,35954,21163,7,5,3,18,19,20,21,22,23,24,25,26,27,28,29,
340.8,341,682,1023,50745,35954,21163,7,5,3,18,19,20,21,22,23,24,25,26,27,28,29,
341.2,341,682,1023,50745,35954,21163,7,5,3,18,19,20,21,22,23,24,25,26,27,28,29,
341.6,342,684,1026,51428,37320,23212,7,5,3,18,19,20,21,22,23,24,25,26,27,28,29,
342,342,684,1026,51428,37320,23212,7,5,3,18,19,20,21,22,23,24,25,26,27,28,29,
342.4,343,686,1029,52113,38690,25267,7,5,3,18,19,20,21,22,23,24,25,26,27,28,29,
342.8,343,686,1029,52113,38690,25267,7,5,3,18,19,20,21,22,23,24,25,26,27,28,29,
343.2,343,686,1029,52113,38690,25267,7,5,3,18,19,20,21,22,23,24,25,26,27,28,29,
343.6,344,688,1032,52800,40064,27328,7,5,3,18,19,20,21,22,23,24,25,26,27,28,29,
344,344,688,1032,52800,40064,27328,7,5,3,18,19,20,21,22,23,24,25,26,27,28,29,
344.4,345,690,1035,53489,41442,29395,7,5,3,18,19,20,21,22,23,24,25,26,27,28,29,
344.8,345,690,1035,53489,41442,29395,7,5,3,18,19,20,21,22,23,24,25,26,27,28,29,
345.2,345,690,1035,53489,41442,29395,7,5,3,18,19,20,21,22,23,24,25,26,27,28,29,
345.6,346,692,1038,54180,42824,31468,7,5,3,18,19,20,21,22,23,24,25,26,27,28,29,
346,346,692,1038,54180,42824,31468,7,5,3,18,19,20,21,22,23,24,25,26,27,28,29,
346.4,347,694,1041,54873,44210,33547,7,5,3,18,19,20,21,22,23,24,25,26,27,28,29,
346.8,347,694,1041,54873,44210,33547,7,5,3,18,19,20,21,22,23,24,25,26,27,28,29,
347.2,347,694,1041,54873,44210,33547,7,5,3,18,19,20,21,22,23,24,25,26,27,28,29,
347.6,348,696,1044,55568,45600,35632,7,5,3,18,19,20,21,22,23,24,25,26,27,28,29,
348,348,696,1044,55568,45600,35632,7,5,3,18,19,20,21,22,23,24,25,26,27,28,29,
348.4,349,698,1047,56265,46994,37723,7,5,3,18,19,20,21,22,23,24,25,26,27,28,29,
348.8,349,698,1047,56265,46994,37723,7,5,3,18,19,20,21,22,23,24,25,26,27,28,29,
349.2,349,698,1047,56265,46994,37723,7,5,3,18,19,20,21,22,23,24,25,26,27,28,29,
